recipe_id,recipe_name,cooking_time,difficulty,sub_ingredients,Seasonings,main_ingredients
0,나물비빔밥,60.0,2,"고추장, 양지머리","소금, 국간장, 다진파, 다진마늘, 참기름, 설탕","쌀, 안심, 콩나물, 청포묵, 미나리, 숙주, 도라지, 고사리, 계란"
1,오곡밥,60.0,2,"수수, 차조, 콩, 팥",소금,"멥쌀, 찹쌀"
2,잡채밥,30.0,2,"호박, 당근, 청고추, 홍고추, 밥","다진파, 다진마늘, 진간장, 참기름, 소금, 통후추","당면, 돼지고기, 표고버섯, 부추"
3,콩나물밥,40.0,1,,"파, 마늘, 참기름, 깨소금, 고춧가루, 진간장, 소금, 통후추","쌀, 콩나물, 쇠고기"
4,약식,60.0,2,"깐밤, 대추, 잣","흑설탕, 계핏가루, 물엿, 식물성기름, 흰설탕, 간장, 물",찹쌀
5,호박죽,30.0,2,팥,"물, 설탕, 소금","청동호박, 찹쌀"
6,흑임자죽,25.0,2,,"물, 소금, 설탕","쌀, 흑임자"
7,카레라이스,30.0,1,"쇠고기, 감자, 양파, 당근, 완두콩","우유, 소금, 통후추","카레, 밥"
8,오므라이스,30.0,1,"양파, 당근, 청피망, 홍피망, 오이, 전분","물, 쌈장, 후춧가루, 소금, 멸치, 다시마","계란, 밥"
9,감자수제비,60.0,1,"애호박, 실파, 홍고추","멸치, 물, 양념장, 국간장, 참기름, 소금","밀가루, 감자"
10,냉면,50.0,2,"쇠고기, 오이, 배, 계란, 동치미무","식초, 설탕, 소금","냉면, 동치미국물, 쇠고기육수"
11,동치미막국수,30.0,2,"계란, 홍고추, 동치미국물","소금, 깨소금, 참기름, 간장, 설탕, 통후추","국수, 쇠고기, 동치미무"
12,열무김치냉면,25.0,2,"홍고추, 청고추, 대파","찹쌀가루, 다진마늘, 다진생강, 고춧가루, 식초, 설탕, 겨자, 물","열무, 냉면"
13,채소국수,30.0,1,"계란, 쇠고기, 상추, 깻잎",양념장,"국수, 표고버섯, 오이, 부추"
14,해물국수,40.0,2,"돼지고기, 표고버섯, 죽순, 파","녹말, 계란흰자, 다진마늘, 멸칫국물, 청주, 소금","국수, 오징어, 새우, 홍합"
15,만둣국,40.0,2,"표고버섯, 두부, 육수","다진파, 다진마늘, 소금, 후춧가루, 깨소금, 간장, 설탕, 참기름","김치, 숙주, 만두피, 쇠고기"
16,다시마냉국,20.0,1,"오이, 홍고추, 물","다진파, 다진마늘, 소금, 고춧가루, 깨소금",다시마
17,두부국,40.0,1,파,"다진마늘, 고추장, 참기름, 진간장, 소금, 후춧가루","두부, 쇠고기"
18,두부조개탕,30.0,1,"콩나물, 홍고추, 실파, 밀가루, 계란","마늘, 소금, 후춧가루","두부, 모시조개, 북어"
19,무맑은국,30.0,1,"실파, 물","마늘, 국간장, 소금, 참기름, 후춧가루","쇠고기, 무"
20,미역국,30.0,1,"식용유, 물","마늘, 후춧가루, 국간장, 참기름","미역, 다진쇠고기"
21,미역냉국,30.0,1,"오이, 물","대파, 다진마늘, 깨소금, 소금, 고춧가루, 간장",불린미역
22,생태국,30.0,2,"미나리, 콩나물, 무, 홍고추, 쌀뜨물","마늘, 소금, 후춧가루",생태
23,연어까르파치오,30.0,1,"양파, 양송이버섯, 방울토마토, 모듬채소, 차이브","후춧가루, 레몬즙, 소금, 올리브오일, 페스토소스",연어
24,오이냉국,20.0,1,"대파, 홍고추, 물","파, 다진마늘, 간장, 식초, 설탕, 깨소금, 고춧가루, 소금","오이, 물"
25,해산물샐러드,30.0,2,"양파, 샐러리, 당근, 루콜라, 트레비소",소스,"삶은 문어살, 갑오징어, 꼴뚜기, 중새우살, 쭈꾸미, 참소라살, 모시조개, 가리비, 검은껍질홍합, 가재새우"
26,재첩국,30.0,1,"부추, 물",소금,재첩
27,구운감자와도미구이,60.0,2,"블랙올리브, 케이퍼, 스위트마조람, 계란노른자, 오레가노, 그린올리브","바질, 올리브오일, 화이트와인","도미, 감자, 방울토마토"
28,쇠고기산적,40.0,2,,"햇살담은간장, 마늘, 후춧가루, 꼬치, 참기름, 깨소금, 설탕, 꿀, 다진파, 다진마늘, 배즙, 생강즙","쇠고기, 실파, 느타리버섯"
29,쇠고기양송이볶음,40.0,2,"피망, 양파","마늘, 간장, 설탕, 소금, 후춧가루, 식용유","쇠고기, 양송이버섯, 물엿, 토마토케첩"
30,팥국수,30.0,2,"물, 날콩가루",소금,"팥, 밀가루"
31,죽순표고버섯볶음나물,20.0,2,"대파, 물","식용유, 간장, 다진파, 다진마늘, 참기름, 설탕, 소금, 후춧가루","죽순, 표고버섯"
32,부추표고버섯볶음,30.0,2,"돼지고기, 대파","생강, 간장, 청주, 소금, 식용유","부추, 표고버섯"
33,두부드레싱과 채소샐러드,30.0,1,"당근, 파프리카","깨소금, 꿀, 소금, 레몬즙, 연겨자","상추잎, 두부, 적양배추잎"
34,콩나물무침,20.0,1,,"다진파, 다진마늘, 깨소금, 참기름, 실고추, 소금, 후춧가루",콩나물
35,우엉조림,30.0,1,,"간장, 물엿, 깨소금, 소금, 물",우엉
36,바질토마토두부샐러드,20.0,1,다진양파,"식초, 참빛고운포도씨유, 간장, 소금","두부, 토마토, 바질"
37,멸치볶음,20.0,1,"당근, 청고추, 식용유","깨소금, 간장, 설탕, 청주",잔멸치
38,갈치무조림,40.0,1,"감자, 홍고추, 대파","물, 간장, 고추장, 고춧가루, 마늘, 생강, 설탕, 깨소금, 참기름","갈치, 무"
39,닭불고기,35.0,2,"고추장, 대파, 마늘","간장, 고춧가루, 생강즙, 깨소금, 후춧가루",닭
40,두부다시마말이,30.0,2,"두부, 표고버섯, 당근, 고추","들깨가루, 깨소금, 소금, 참기름, 후춧가루, 초고추장, 양념간장",다시마
41,팥칼국수,50.0,2,물,"소금, 설탕","칼국수면, 팥"
42,콩나물잡채,30.0,2,"양파, 당근, 미나리, 계란, 식용유","소금, 깨소금, 참기름, 진간장, 설탕, 다진파, 다진마늘, 후춧가루","콩나물, 쇠고기, 표고버섯"
43,양배추말이찜,50.0,2,"육수, 녹말, 물, 무명실, 파슬리가루","소금, 간장, 깨소금, 청주, 다진파, 다진마늘, 참기름, 후춧가루","양배추잎, 쇠고기, 밤, 양파"
44,마늘장아찌,20.0,1,물,"소금, 식초","마늘, 간장"
45,오징어불고기,40.0,2,,"고추장, 다진파, 다진마늘, 물엿, 생강즙, 참기름, 간장, 설탕, 고춧가루, 깨소금",오징어
46,생선탕수,40.0,2,"식용유, 육수, 양파, 당근, 피망, 파인애플, 계란, 녹말","식초, 설탕, 청주, 토마토케첩, 마늘, 간장, 소금, 후춧가루","대구살, 생강즙, 목이버섯"
47,갈비구이,60.0,2,"상추, 깻잎","배즙, 양파즙, 물엿, 설탕, 통깨, 참기름, 후춧가루, 청주, 간장, 육수, 대파, 마늘, 양파, 생강즙, 월계수잎",갈비
48,돈까스,60.0,2,"계란, 당근, 육수, 버터, 샐러리, 쇠고기, 양파, 밀가루, 빵가루, 식용유","통마늘, 월계수잎, 레드와인, 토마토케찹, 소금, 후춧가루",돼기고기
49,갈비찜,80.0,2,"계란, 홍고추, 은행, 잣, 대파","간장, 설탕, 청주, 배, 다진파, 다진마늘, 깨소금, 참기름, 후춧가루","쇠고기, 무, 당근, 표고버섯, 밤"
50,제육보쌈,60.0,2,"배추, 무명실, 깨소금, 미나리, 갓, 실파","된장, 생강, 고춧가루, 다진파, 다진마늘, 참기름, 젓국","돼기고기, 새우젓, 무, 굴"
51,홍합꼬치구이,30.0,2,"대파, 파슬리, 깨소금","청주, 소금, 고추장, 간장, 물엿, 다진마늘, 생강즙, 참기름",홍합
52,청국장찌개,30.0,1,"배추김치, 두부, 대파, 물","다진마늘, 김칫국물, 소금","청국장, 쇠고기, 무"
53,순두부찌개,25.0,1,"돼기고기, 바지락, 배추김치, 양파, 대파, 계란, 식용유, 물","고춧가루, 다진마늘, 소금, 후춧가루",순두부
54,동태찌개,40.0,1,"애호박, 두부, 청고추, 홍고추, 대파, 물","고추장, 고춧가루, 다진마늘, 다진생강, 소금","동태, 무"
55,김치찌개,40.0,1,"대파, 육수","다진마늘, 참기름, 고춧가루, 생강즙","배추김치, 돼기고기, 가래떡"
56,콩비지찌개,30.0,2,"물, 식용유","다진파, 다진마늘, 소금, 간장, 고춧가루, 참기름, 깨소금","흰콩, 돼지고기, 배춧잎"
57,북어국,30.0,1,"계란, 대파, 물, 홍고추","다진마늘, 소금, 후춧가루, 참기름","통북어, 콩나물, 두부"
58,유부초밥,20.0,2,"당근, 밥","간장, 청주, 설탕, 후춧가루","유부, 우엉, 쇠고기"
59,오색주먹밥도시락,30.0,1,"다시마, 청주, 소금","식초, 설탕, 간장, 물엿, 후춧가루, 깨소금, 참기름, 고춧가루","쌀, 다진쇠고기, 표고버섯, 멸치, 단무지, 김치"
60,해파리냉채,40.0,1,토마토,"다진마늘, 식초, 육수, 설탕, 간장, 소금, 참기름","해파리, 게맛살, 오이"
61,통배추김치,90.0,2,"물, 실파, 배, 대파","소금, 고춧가루, 마늘, 생강, 설탕, 깨소금","배추, 무, 갓, 미나리, 멸치젓"
62,열무김치,40.0,2,"실파, 청고추, 홍고추, 물, 밀가루","소금, 마늘, 생강","열무, 풋배추"
63,오이소박이,40.0,2,"다진파, 다진마늘, 다진생강","소금, 고춧가루, 설탕, 진간장, 청주, [절임용 소금물] 소금, 물","오이, 부추"
64,나박김치,35.0,2,"무, 대파, 물","생강, 마늘, 소금, 고춧가루","배추, 미나리, 홍고추"
65,총각김치,60.0,2,"대파, 찹쌀가루, 물","소금, 고추가루, 다진마늘, 다진생강, 멸치젓, 새우젓, 설탕, [절임용 소금물] 물",총각무
66,굴깍두기,40.0,2,"미나리, 실파, 갓","소금, 고춧가루, 마늘, 새우젓, 설탕","무, 굴"
67,동치미,40.0,2,"실파, 대파, 배주머니, 물","소금, 마늘","무, 고추, 갓"
68,갓김치,30.0,2,"무, 실파, 깨소금, 밀가루, 물","소금, 고춧가루, 마늘, 생강, 멸치젓",갓
69,꽃게찌개,40.0,3,"애호박, 무, 느타리버섯, 청고추, 홍고추, 대파","고추장, 고춧가루, 다진마늘, 다진생강, 국간장, 소금, 후춧가루",꽃게
70,감자탕,60.0,2,"대파, 물","마늘, 생강, 간장, 고춧가루, 술, 소금, 후춧가루, 청정원맛선생","돼지고기, 감자"
71,아구탕,30.0,1,"고사리, 미나리, 싸리버섯, 깻잎, 청고추, 홍고추, 대파, 물","된장, 다진마늘, 고춧가루, 후춧가루","아구, 콩나물"
72,조기매운탕,30.0,1,"무, 양파, 대파, 물","마늘, 생강, 간장, 고추가루, 소금",조기
73,알탕,30.0,2,"콩나물, 대파, 홍고추, 쑥갓, 물","간장, 다진파, 다진마늘, 청주, 소금, 후춧가루, 고춧가루, [쇠고기양념] 간장, 설탕, 깨소금","명란, 쇠고기, 무"
74,우거지된장찌개,30.0,2,"식용유, 쇠고기, 청고추, 홍고추, 대파, 쌀뜨물","마늘, 생강, 간장","우거지, 배춧잎, 된장"
75,샤브샤브,30.0,2,"당근, 양파, 대파, 어묵, 곤약, 무, 국수, 쑥갓","다시마, 청주, 소금, 간장, 식초, 물","쇠고기, 배춧잎, 팽이버섯, 표고버섯, 느타리버섯"
76,국수전골,40.0,2,"배추, 애호박, 느타리버섯, 양파, 대파, 식용유","물, 소금, 고춧가루, 진간장, 다진마늘, 후춧가루","국수, 쇠고기"
77,낙지전골,40.0,2,"두부, 실파, 표고버섯, 홍고추, 쑥갓, 계란, 밀가루, 식용유, 물","소금, 간장, 다진파, 다진마늘, 깨소금, 참기름, 설탕","낙지, 새우, 쇠고기"
78,선지국,30.0,2,,"된장, 고추장, 다진마늘, 진간장, 고춧가루, 다진파, 깨소금, 참기름","선지, 우거지, 콩나물"
79,콩나물국밥,30.0,1,"김치, 다진마늘, 실파, 장조림, 청고추, 깨소금, 김, 계란, 쇠고기육수",새우젓,"밥, 콩나물"
80,곰탕,120.0,2,"대파, 마늘, 국수","국간장, 소금, 후추, 다진파, 다진마늘, 진간장, 참기름","쇠고기, 양, 무"
81,설렁탕,90.0,2,"파, 마늘, 밀국수, 물","소금, 후추","소 잡뼈, 사골, 도가니, 양지머리"
82,도가니탕,180.0,3,"물, 파","생강, 소금, 다진파, 고추가루, 다진마늘, 진간장, 후추","도가니, 쇠고기"
83,꼬리곰탕,60.0,3,"대파, 통마늘","소금, 국간장, 다진파, 청주, 참기름, 후추","쇠고기, 무, 당면"
84,갈비탕,175.0,3,물,"국간장, 다진파, 다진마늘, 참기름, 후추","쇠고기, 무"
85,부추김치,20.0,2,홍고추,"다진마늘, 생강, 멸치젓, 고춧가루, 설탕, 소금",부추
86,파김치,30.0,2,소금,"까나리액젓, 다진마늘, 다진생강, 고춧가루, 설탕, 깨소금",실파
87,백김치,60.0,2,"무, 밤, 배, 대추, 대파, 미나리","다진마늘, 석이버섯, 실고추, 잣, [절임용소금물] 소금, 물, 말린표고버섯, 통생강, [국물용 소금물] 소금",배추
88,깻잎장아찌,30.0,2,"깨소금, 실고추","진간장, 고춧가루, 파, 마늘, 생강",깻잎
89,오이지장아찌무침,20.0,2,"홍고추, 실파, 깨소금","고추장, 다진마늘, 고춧가루, 참기름, 설탕",오이
90,콩자반,20.0,2,,"설탕, 간장, 깨소금, 물, 참기름",콩
91,쇠고기장조림,30.0,2,"대파, 마늘, 생강, 물, 홍고추","진간장, 설탕, 참기름","쇠고기, 계란"
92,연근조림,30.0,2,"식용유, 통깨","진간장, 설탕, 청주, 물",연근
93,해물파전,40.0,2,"계란, 식용유",소금,"실파, 굴, 홍합, 조갯살, 밀가루, 멥쌀"
94,오이나물,15.0,1,깨소금,"소금, 다진파, 다진마늘, 참기름, 실고추",오이
95,냉이된장찌개,30.0,2,"대파, 마늘, 물","다시마, 소금","냉이, 모시조개, 된장"
96,계란말이,30.0,1,"다진파, 다진마늘, 물, 식용유, 다시마","소금, 후춧가루",계란
97,닭강정,40.0,2,"녹말, 깨소금","진간장, 마늘, 후춧가루, 고추장, 물엿, 술",닭
98,배추겉절이,30.0,1,"소금, 통깨","다진파, 다진마늘, 다진생강, 고춧가루, 진간장, 새우젓, 설탕, 참기름",배추
99,더덕구이,35.0,2,"물, 깨소금","간장, 참기름, 고추장, 설탕, 고춧가루, 다진파, 다진마늘",더덕
100,감자조림,40.0,1,"식용유, 깨소금","진간장, 물엿, 청주","감자, 멸치, 꽈리고추"
101,마른오징어조림,30.0,1,"물, 청고추, 깨소금","참기름, 진간장, 설탕, 다진마늘, 다진파, 후춧가루",마른오징어
102,죽순볶음,20.0,2,"녹말, 식용유, 마늘종","술, 간장, 소금, 후춧가루, 참기름, 다진마늘, 생강즙","죽순, 쇠고기"
103,호박전,30.0,1,"밀가루, 계란, 쑥갓, 식용유","소금, 진간장, 식초",애호박
104,탕수육,30.0,2,"물, 당근, 식용유, 죽순, 계란흰자, 표고버섯","간장, 설탕, 청피망, 식초, 녹말가루, 물","홍피망, 돼지고기, 녹말"
105,콩국계란찜,30.0,2,"칵테일새우, 장식용어묵, 은행, 실파, 통깨, 잣","소금, 새우젓","메주콩, 계란"
106,불고기,20.0,2,깨소금,"진간장, 배즙, 설탕, 다진파, 다진마늘, 후춧가루, 참기름",쇠고기
107,부추전,30.0,2,"청고추, 홍고추, 밀가루, 계란",소금,부추
108,돼지갈비구이,50.0,1,"깨소금, 상추, 깻잎","생강즙, 술, 진간장, 다진파, 다진마늘, 고춧가루, 설탕",돼지갈비
109,모듬초밥,50.0,2,,"식초, 설탕, 소금, 고추냉이","쌀, 참치, 오징어, 문어, 새우"
110,꽁치무조림,25.0,1,"물, 식용유","진간장, 생강즙, 다진파, 다진마늘, 고춧가루","꽁치, 무"
111,김치적,25.0,1,"밀가루, 계란, 식용유","참기름, 소금","김치, 쇠고기, 표고버섯, 통도라지"
112,낙지볶음,30.0,2,"소금, 양파, 호박, 대파, 청고추, 홍고추","고추장, 고춧가루, 간장, 참기름, 생강즙, 설탕, 깨소금",낙지
113,두부김치,20.0,1,"깻잎, 깨소금","다진파, 다진마늘, 참기름, 소금","두부, 배추김치"
114,오믈렛,20.0,1,"우유, 식용유, 버터","소금, 후춧가루, 토마토케첩",계란
115,롤케비지(양배추말이),60.0,2,"양파, 당근, 계란, 빵가루, 물","소금, 후춧가루, 넛맥, 간장","양배추, 쇠고기, 돼지고기"
116,두부미역냉채,30.0,1,"양파, 홍고추","간장, 참기름, 설탕, 통깨","두부, 미역"
117,중국식볶음밥,30.0,2,"당근, 양파, 표고버섯, 대파, 식용유","소금, 후춧가루","밥, 계란, 돼지고기"
118,해장라면,30.0,1,"청고추, 홍고추, 당근, 다진마늘, 대파","고춧가루, 참기름, 깨소금","라면, 배추김치, 표고버섯, 콩나물, 햄, 게맛살"
119,국수계란말이,30.0,2,"새우, 게맛살, 치커리, 미나리","다시물, 간장, 맛술, 와사비, 무, 소금","계란, 국수"
120,꽁치간장구이,40.0,1,"소금, 실파","간장, 설탕, 청주, 물, 생강",꽁치
121,감자고추채볶음,30.0,1,"청고추, 홍고추, 식용유","간장, 참기름, 설탕, 소금, 흰후춧가루",감자
122,가는파잡채,30.0,1,생강,"간장, 소금, 참기름","가는파, 양파, 돼지고기, 청주, 굵은파, 마늘, 생강, 식용유, 후춧가루"
123,묵과양념장,20.0,1,"오이, 게맛살","간장, 설탕, 식초, 홍고추, 참기름, 깨소금","도토리묵, 청포묵"
124,고등어살튀김과소스,30.0,2,"소금, 청주, 녹말, 식용유","간장, 설탕, 미림, 마른고추, 생강, 물",고등어
125,가지와마른새우무침,30.0,1,"식용유, 깨소금","진간장, 다진파, 다진마늘, 참기름, 소금","가지, 마른새우"
126,채소말이샤브샤브,60.0,2,"육수, 물, 다시마, 술","깨소금, 된장, 설탕, 간장, 맛술","쇠고기, 팽이버섯, 당근, 부추"
127,떡갈비구이,50.0,2,"양파, 밀가루","다진파, 다진마늘, 간장, 설탕, 깨소금, 참기름, 후춧가루",쇠고기
128,골뱅이무침,30.0,1,"대파, 당근, 샐러리, 소면","고추장, 고춧가루, 식초, 진간장, 설탕, 깨소금, 참기름, 다진마늘","골뱅이통조림, 오이, 양파"
129,두부양념조림,20.0,1,"홍고추, 통깨","간장, 설탕, 물엿, 후춧가루, 참기름, 실고추",두부
130,육회,30.0,1,"오이, 상추, 계란노른자","간장, 참기름, 깨소금, 후춧가루, 설탕","쇠고기, 배, 잣가루, 잣"
131,까르보나라스파게티,40.0,2,"햄, 베이컨, 양파, 화이트와인","바질, 버터, 소금, 후춧가루","스파게티, 생크림, 우유"
132,삼계탕,60.0,2,"찹쌀, 마늘, 대추, 생강, 물","수삼, 대파, 소금, 후춧가루",닭고기
133,주먹밥,30.0,1,"당근, 식용유, 상추, 파슬리, 토마토, 청피망","소금, 간장, 설탕, 다진파, 다진마늘, 참기름, 후춧가루, 깨소금","밥, 쇠고기"
134,유부계란찜,20.0,2,"물, 실파, 맛살","간장, 소금, 설탕, 후춧가루","유부, 계란"
135,속채운감자,20.0,1,"버터, 우유, 후루츠칵테일, 은박컵","설탕, 계핏가루, 파슬리가루",감자
136,떡갈비샌드위치,30.0,2,"양상추, 토마토, 피클, 슬라이스치즈","버터, 겨자, 소금, 후춧가루","식빵, 쇠고기"
137,버섯덮밥,40.0,1,"양파, 당근, 미나리","간장, 들깨, 육수, 녹말, 참기름, 후춧가루, 설탕, 청주, 다진마늘","밥, 쇠고기, 느타리버섯, 표고버섯, 양송이버섯, 목이버섯, 팽이버섯"
138,닭고기수삼샐러드,60.0,2,"배, 밤, 대추, 오이, 설탕, 요리술, 소금","머스터드, 마요네즈, 후춧가루, 레몬즙, 설탕","양상추, 닭고기, 수삼"
139,컬리플라워해물샐러드,30.0,2,소금,"마요네즈, 머스터드","컬리플라워, 오징어, 새우"
140,과일샐러드,20.0,1,,오렌지마요네즈,"사과, 자몽, 샐러리, 오이, 딸기"
141,연어샐러드,10.0,1,"트레비스, 양파, 케이퍼","다진양파, 올리브오일","훈제연어, 앤다이브"
142,시금치샐러드,20.0,1,파마산치즈치즈,"레몬드레싱, 레몬주스, 올리브오일, 소금, 후춧가루","시금치, 양송이버섯, 베이컨"
143,채소수프,40.0,1,"당근, 양파, 샐러리, 양송이버섯, 물, 버터","월계수잎, 소금, 후춧가루","감자, 홀토마토"
144,부대찌개,40.0,1,"베이컨, 두부, 홍고추, 청고추, 깻잎, 스파게티, 쑥갓, 양송이버섯, 물","고춧가루, 고추장, 설탕, 다진파, 다진마늘","햄, 프랑크소시지, 김치"
145,곱창전골,60.0,3,"대파, 물, 당근, 양배추, 양파, 표고버섯, 우동면, 밀가루","마늘, 생강, 소금, 후추, 고춧가루, 고추장, 간장, 다진파","곱창, 양, 미나리, 쑥갓"
146,아귀찜,60.0,2,"미나리, 대파, 깻잎, 찹쌀가루","참기름, 통후추, 소금, 고춧가루, 고추장, 진간장, 설탕","아귀, 미더덕, 콩나물"
147,오렌지건포도빵,140.0,2,"소금, 계란, 우유, 버터, 오렌지마멀레이드, 건포도, 계란노른자, 검은깨",,"강력분, 드라이이스트, 설탕"
148,삼겹살채소말이,30.0,2,"찹쌀가루, 식용유, 꼬치","소금, 생강즙, 후추","돼지고기, 붉은 고추, 무순"
149,배추속댓국,30.0,1,"물, 대파, 식용유, 고추장, 된장, 소금","다진파, 다진마늘, 참기름, 깨소금, 후춧가루","배추, 무, 쇠고기"
150,송편,60.0,2,"풋콩, 소금, 깨, 녹두, 물","참기름, 꿀, 설탕, 계핏가루","멥쌀, 소금, 쑥, 대추, 솔잎"
151,빈대떡,30.0,2,"물, 소금, 대파, 실고추, 포도씨유","간장, 다진파, 다진마늘, 참기름, 깨소금, 후춧가루","녹두, 돼지고기, 숙주, 느타리버섯, 석이버섯"
152,화양적,30.0,2,식용유/소금/참기름/잣가루,"진간장, 설탕, 다진파, 다진마늘, 깨소금, 참기름, 후추","쇠고기(힘줄없는부위), 표고버섯, 도라지, 당근, 오이"
153,토란곰탕,30.0,2,"다시마, 대파","국간장, 다진마늘, 후춧가루, 참기름, 소금","토란, 쇠고기, 무"
154,쇠고기전골,60.0,2,"실파, 홍고추, 물","국간장, 소금, 간장, 설탕, 다진파, 다진마늘, 참기름, 깨소금, 후춧가루","쇠고기, 목이버섯, 팽이버섯"
155,고등어무조림,30.0,1,대파,"간장, 고추장, 고춧가루, 설탕, 청주, 다진파, 다진마늘, 생강즙, 후춧가루, 실고추, 물","고등어, 무"
156,잡채,25.0,2,"양파, 배, 오이, 당근, 식용유","소금, 후춧가루, 참기름, 통깨, 간장, 꿀, [쇠고기양념] 다진파, 다진마늘, 설탕","당면, 쇠고기, 느타리버섯"
157,쌈장,10.0,1,"양파, 마늘, 파","고춧가루, 참기름","고추장, 된장"
158,김치채소볶음,30.0,2,"피망, 마른고추, 대파, 마늘, 생강, 식용유","청주, 소금, 후추, 참기름, 간장","배추김치, 돼지고기, 죽순, 양송이버섯"
159,닭날개튀김,60.0,2,"식용유, 녹말가루, 튀김가루","간장, 청주, 식용유, 다진마늘, 생강즙, 다진파, 후춧가루, 소금",닭
160,오징어순대,60.0,2,"표고버섯, 당근, 피망, 양상추, 통깨, 깻잎, 다진파슬리, 샐러리","설탕, 다진파, 다진마늘, 참기름, 후춧가루, 간장, 식초, 깨소금","오징어, 쇠고기, 두부, 당면"
161,누룽지탕,50.0,2,"완두콩, 홍고추, 마늘, 소금, 식용유, 녹말, 물","새우, 설탕, 간장, 식초","누룽지, 표고버섯, 죽순, 새우"
162,가래떡꼬치,60.0,1,"적파프리카, 황파프리카, 브로콜리","고추장, 간장, 다진마늘, 토마토케첩, 설탕, 참기름, 꼬치",가래떡
163,찬밥지짐이,30.0,1,"양파, 당근, 실파, 두부, 계란, 날콩가루, 식용유","소금, 후춧가루",찬밥
164,동지팥죽,60.0,3,"찹쌀, 쌀가루, 찬물",소금,"팥, 쌀, 물"
165,팥타르트,60.0,3,설탕,"아몬드가루, 슈가파우더, 계란, 소금","밀가루, 버터, 물, 삶은팥"
166,고구마줄기볶음,20.0,1,,"들기름, 국간장, 다진파, 다진마늘, 참기름, 깨소금, 설탕, 소금",고구마줄기
167,어묵닭고기조림,35.0,2,"오이, 소금, 녹말","후춧가루, 간장, 청주, 물","어묵, 닭고기, 표고버섯"
168,떡국,30.0,1,"대파, 계란, 소금","간장, 설탕, 다진파, 다진마늘, 깨소금, 참기름, 후춧가루","가래떡, 쇠고기 육수, 쇠고기"
169,절편,60.0,3,쑥,"소금, 참기름",멥쌀
170,수정과,60.0,3,"곶감, 호두, 잣",황설탕,"생강, 통계피, 물"
171,깐풍기,40.0,2,"소금, 후춧가루, 정종, 감자전분, 계란, 대파, 홍고추, 청고추, 생강, 마늘","간장, 설탕, 식초, 물",닭고기
172,팥시루떡,50.0,3,"물, 밀가루",소금,"찹쌀, 멥쌀, 팥"
173,두부탕,30.0,2,"실파, 물, 다시마, 무","소금, 후춧가루, 국간장","두부, 다진쇠고기"
174,쇠고기완자찜,60.0,2,"무, 당근, 밤","소금, 후춧가루, 깨소금, 참기름, 물, 간장, 설탕, 다진파, 다진마늘","다진쇠고기, 두부"
175,해물잡채,40.0,2,"양파, 청피망, 홍피망, 식용유, 당근","간장, 설탕, 참기름, 소금, 굴소스","오징어, 낙지, 새우, 조개살, 당면"
176,맑은떡국,30.0,2,"다시마, 다진마늘, 물, 대파, 말린표고버섯, 계란","간장, 소금",떡국떡
177,찰밥,40.0,2,"대추, 밤",소금,"찹쌀, 팥"
178,콩나물무밥,30.0,1,"물, 돼지고기, 참기름, 취나물","진간장, 다진파, 다진마늘, 깨소금, 다진풋고추","쌀, 콩나물, 무"
179,모듬쌈밥,30.0,2,"소금, 흑임자, 참기름","참기름, 건새우가루, 된장, 고추장, 청고추, 홍고추, 설탕, 다진마늘","케일, 치커리, 청경채, 겨자잎, 밥"
180,달래된장찌개,40.0,2,"홍고추, 청양고추, 대파, 물, 바지락","다진마늘, 된장, 육수용멸치","달래, 두부, 말린표고버섯"
181,쑥버섯볶음,20.0,2,식용유,"다진마늘, 간장, 설탕, 소금, 후춧가루","쑥, 표고버섯, 양송이, 느타리버섯"
182,닭고기명란튀김,40.0,2,"김, 계란, 당근, 대파, 녹말가루, 밀가루, 빵가루, 식용유","마요네즈, 소금, 후춧가루","닭고기, 명란젓"
183,봄동바지락볶음,30.0,2,"홍고추, 실파, 식용유","다진마늘, 청주, 물, 굴소스, 소금, 후춧가루","봄동, 바지락"
184,김치동그랑땡,30.0,1,"당근, 피망, 계란, 밀가루, 참빛고운포도씨유","다진마늘, 소금, 후춧가루","김치, 감자, 두부"
185,찬밥맛탕,40.0,2,"계란, 녹말가루, 식용유","소금, 물, 설탕","찬밥, 옥수수"
186,양배춧국,30.0,1,실파,"된장, 다진마늘, 물, 다시마, 멸치","양배추, 모시조개"
187,오징어찌개,40.0,1,"풋고추, 홍고추, 대파, 물","간장, 후춧가루, 고추장, 고춧가루, 마늘, 참기름","오징어, 쇠고기"
188,오이피클,40.0,1,"홍고추, 통생강, 당근","정향, 통후추, 월계수잎, 통계피, 소금, 물, 식초, 설탕, [절임용 소금물] 소금","오이, 양파, 물"
189,영양돌솥밥,40.0,2,"밤, 은행, 대추, 잣, 송이버섯, 물",,"멥쌀, 찹쌀"
190,시금치된장국,30.0,1,물,"다진마늘, 소금","시금치, 말린새우, 된장"
191,김치채소쌈,30.0,2,"쇠고기, 식용유","소금, 후춧가루, 간장, 다진파, 설탕, 마늘, 참기름, 깨소금","김치잎, 깻잎, 양배추, 근대잎, 밥"
192,찰밥주먹밥,30.0,2,"팥삶은물, 밤, 대추",소금,"찹쌀, 멥쌀, 팥"
193,계란말이주먹밥,30.0,2,"말린 표고버섯, 당근, 미나리, 소금, 식용유, 오이, 다시마","식초, 설탕, 소금","밥, 계란"
194,어묵국,30.0,1,"대파, 홍고추, 다시물","소금, 간장, 맛술, 청주",어묵
195,조개맑은국,30.0,1,"죽순, 대파, 레몬",소금,모시조개
196,왜된장국,20.0,1,"맛국물, 실파",,"왜된장, 두부, 미역"
197,새우만두,40.0,3,"콘프레이크, 계란흰자, 당근, 호박, 죽순","생크림, 소금, 통후추","생새우, 만두피"
198,잣죽,40.0,2,"물, 대추",소금,"불린쌀, 잣"
199,고추장아찌,30.0,2,"물, 소금","생강, 설탕, 간장",청고추
200,김치어묵,40.0,2,"풋고추, 홍고추, 계란, 밀가루, 녹말, 깻잎, 식용유","소금, 후춧가루","생선살, 새우살, 김치"
201,쇠고기무국,40.0,2,"물, 대파, 마늘, 실파","국간장, 진간장, 다진파, 다진마늘, 참기름, 후춧가루, 소금","쇠고기, 무"
202,명란젓찌개,30.0,2,"마늘, 무, 물, 홍고추, 두부, 대파","진간장, 생강즙, 소금",명란
203,육개장,60.0,3,"대파, 물","소금, 고추장, 고춧가루, 진간장, 다진마늘, 참기름, 깨소금, 후춧가루","쇠고기, 양, 곱창, 고사리"
204,고추장스파게티,30.0,2,"호박, 양송이버섯, 식용유, 김치","소금, 흰후춧가루, 양파, 호두, 물, 토마토케첩, 식용유, 다진마늘, 설탕","스파게티, 고추장"
205,해물전골,30.0,2,"양파, 풋고추, 홍고추, 미나리, 쑥갓, 무, 대파","다진마늘, 생강즙, 소금, 고춧가루","게, 대하, 오징어, 모시조개"
206,양상추튀김,40.0,2,"찹쌀가루, 밀가루, 얼음물, 계란, 식용유","다진마늘, 설탕, 간장, 참기름, 후춧가루, 고추장, 토마토케첩, 물엿, 물","양상추, 말린표고버섯, 부추, 고구마"
207,초교탕,60.0,2,"물, 도라지, 말린표고버섯, 미나리, 밀가루, 계란, 쇠고기","대파, 마늘, 생강, 소금, 참기름",닭
208,삼겹살깻잎전,30.0,2,"밀가루, 계란, 식용유","소금, 생강즙, 후춧가루","돼지고기, 깻잎"
209,우유두부,40.0,2,식초,"간장, 다진청고추, 참기름, 다진홍고추, 다진양파",우유
210,닭꼬치구이,40.0,2,"계란, 대파, 홍고추, 간장, 다시물","설탕, 꼬치, 생강즙, 청주, 참기름",닭
211,녹차수제비,60.0,2,"감자, 호박, 소금, 육수","간장, 고춧가루, 깨소금, 참기름, 다진홍고추, 다진풋고추, 다진마늘, 다진파, 후춧가루","밀가루, 녹차분말, 소금, 물"
212,삼겹살치즈구이,40.0,2,"양파, 표고버섯, 피망, 올리브오일, 마늘","소금, 후춧가루, 토마토케첩, 맛술, 고추장","돼지고기, 모짜렐라치즈"
213,갈비떡볶이,40.0,3,"꽃상추, 피망","간장, 설탕, 다진파, 다진마늘, 후춧가루, 깨소금, 참기름","쇠고기, 가래떡"
214,오징어산적,30.0,2,꼬치,"고추장, 설탕, 다진마늘, 다진파, 생강즙, 깨소금, 참기름","갑오징어, 피망"
215,두부오믈렛,30.0,2,"청피망, 당근, 홍피망","소금, 토마토케첩, 후춧가루","계란, 두부, 우유"
216,"잼(사과, 딸기, 포도)",30.0,3,설탕,,"포도, 사과, 딸기"
217,사골탕,60.0,2,"물, 무, 대파, 마늘, 생강, 후춧가루","소금, 진간장, 다진파, 다진마늘","사골, 쇠고기"
218,감자국수,40.0,2,"사우어크라우트, 양파, 베이컨, 파슬리, 버터","소금, 후춧가루, 넛맥","감자, 밀가루, 계란노른자"
219,김치수제비,40.0,1,"양파, 청고추, 대파, 식용유, 물","멸치, 다시마, 다진마늘, 소금, 간장, 다진파, 깨소금, 고춧가루, 참기름","김치, 감자, 밀가루, 계란"
220,오곡밥쌈밥정식,40.0,1,"참기름, 양파, 청고추, 홍고추, 대파, 멸치","된장, 고추장, 마늘, 깨소금","오곡곡물, 상추, 깻잎, 치커리"
221,오징어숙회,40.0,1,,"고추장, 식초, 설탕, 깨소금",오징어
222,짬뽕해물탕밥,40.0,2,"양파, 당근, 호박, 대파, 목이버섯","고추가루, 간장, 다진마늘, 생강, 소금, 후춧가루, 참기름","밥, 돼기고기, 오징어, 조개살, 홍합"
223,제육배추찜,30.0,1,당근,"간장, 양파즙, 다진파, 다진마늘, 생강즙, 후춧가루, 깨소금, 참기름, 소금, 청고추, 홍고추, 표고버섯","돼지고기, 부추, 양파, 배춧잎"
224,코다리찜,40.0,2,,"고추장, 간장, 설탕, 다진파, 다진마늘, 다진생강, 참기름, 후춧가루","코다리, 실파"
225,생선초밥,60.0,3,"계란, 청어알, 연어알, 무순, 김, 생강, 물",와사비,"참치, 새우, 광어, 피조개, 갑오징어, 전복, 초밥"
226,버섯만두전골,60.0,2,"김치, 양파, 미나리, 대파, 육수","고춧가루, 진간장, 다진파, 다진마늘, 생강","만두피, 돼기고기, 두부, 숙주, 느타리버섯, 표고버섯, 후춧가루"
227,해물밥전,30.0,2,"양파, 당근, 실파, 계란, 밀가루","소금, 후춧가루, 깨소금, 참기름, 간장, 식초, 다진파, 다진마늘","밥, 새우, 오징어"
228,두부스테이크,40.0,1,파슬리,"소금, 후춧가루","다진쇠고기, 두부"
229,두부카나페,30.0,1,"치커리, 식용유","토마토케첩, 마요네즈, 소금","두부, 치즈, 방울토마토"
230,홍차계란장조림,40.0,1,"물, 양파, 마늘","간장, 소금, 설탕, 물엿","홍차티백, 계란"
231,가지된장찜,30.0,1,"밀가루, 물, 멸치, 양파, 청고추, 홍고추","소금, 후춧가루, 참기름, 된장, 고춧가루","가지, 돼지고기, 다진파, 다진마늘"
232,닭고기카레튀김,40.0,2,"계란, 올리브오일","소금, 후춧가루, 고춧가루, 다진마늘, 다진양파, 토마토케첩, 간장, 식초","닭, 콘플레이크, 카레가루"
233,고춧기름,30.0,1,"생강, 고춧가루, 다진마늘, 파",,"식용유, 마른고추"
234,생태매운탕,40.0,1,"호박, 두부, 팽이버섯, 미나리, 청고추, 홍고추, 대파, 멸치다시물","소금, 후춧가루, 진간장, 고춧가루, 다진마늘, 양파즙, 무즙","생태, 바지락, 무"
235,두부굴찌개,30.0,2,"실파, 청고추, 홍고추","소금, 새우젓","두부, 굴, 양송이버섯, 마늘"
236,버섯두부찌개,40.0,1,"김치, 양파, 청고추, 대파, 물","고춧가루, 간장, 다진양파, 다진파, 다진마늘, 깨소금, 후춧가루, 참기름","두부, 돼지고기, 느타리버섯, 표고버섯, 팽이버섯"
237,김치주먹밥,40.0,2,"오이, 당근, 단무지, 미나리, 새우","청주, 간장, 설탕, 다진마늘, 다진파, 후춧가루, 참기름","김치, 밥, 다진쇠고기"
238,홍합탕,40.0,2,"실파, 물","다진마늘, 소금","홍합, 대파, 홍고추"
239,돼지갈비찜,60.0,2,"홍고추, 식용유, 고춧가루, 고추장","생강즙, 간장, 설탕, 맛술, 다진파, 다진마늘, 후춧가루, 참기름, 깨소금","갈비, 양파, 감자, 당근, 무"
240,떡볶이,30.0,2,"양파, 대파, 피망, 비엔나소시지, 물","고추장, 간장, 설탕, 물엿",가래떡
241,제육불고기,50.0,2,"고추장, 간장, 맛술, 생강즙, 설탕, 다진마늘, 다진파, 깨소금, 후춧가루, 참기름","된장, 고추장, 다진마늘, 다진파, 식초","돼지고기, 고춧가루"
242,배추밤김치,60.0,2,"밤, 갓, 미나리, 배","고추가루, 액체육젓, 마늘, 생강, 설탕, 소금, 통깨, [절임용 소금물] 소금, 물","배추, 실파"
243,보쌈김치,180.0,3,"갓, 실파, 배, 밤, 은행, 석이버섯","마늘, 생강, 통깨, 고춧가루, 액체육젓, 소금, 설탕","배추, 무, 미나리, 생굴, 낙지"
244,사골우거지탕,60.0,2,홍고추,"된장, 다진마늘, 고춧가루","사골, 쇠고기, 우거지, 대파"
245,찬밥전,20.0,1,"실파, 청고추, 계란, 밀가루, 식용유","소금, 후춧가루","찬밥, 참치, 양파, 당근"
246,단팥죽,50.0,1,"물, 대추",,"팥, 설탕, 인절미, 소금"
247,불고기낙지전골,40.0,2,"표고버섯, 무, 팽이버섯, 미나리, 대파, 홍고추, 양파, 물","소금, 다진파, 간장, 다진마늘, 설탕, 깨소금, 참기름","쇠고기, 낙지"
248,잔멸치된장볶음,30.0,1,"식용유, 상추","다진마늘, 맛술, 간장, 설탕, 깨소금","잔멸치, 된장, 밥"
249,별미밥,40.0,2,"미나리, 당근, 유부","간장, 다진파, 고춧가루, 다진마늘, 깨소금, 참기름, 후춧가루","쇠고기, 콩나물, 밥"
250,김치피자,30.0,2,"베이컨, 당근, 피망, 양송이, 파슬리가루, 식용유","소금, 후춧가루","바게트, 모짜렐라치즈, 신김치"
251,채소비빔소면,30.0,2,청고추,"고추장, 식초, 설탕, 사이다","소면, 김치, 오이, 양배추, 깻잎, 상추"
252,오징어탕수,40.0,2,"밀가루, 물, 완두콩, 당근, 양파, 표고버섯, 육수","소금, 설탕, 식초, 간장, 조미술, 참기름","오징어, 계란, 녹말, 옥수수"
253,콩나물버섯덮밥,40.0,2,"양파, 당근, 실파, 녹말","멸칫국물, 간장, 다진마늘, 깨소금, 참기름, 소금, 후춧가루, 피쉬소스","밥, 콩나물, 쇠고기, 느타리버섯"
254,어묵꼬치,40.0,2,"계란, 물","멸치, 다시마, 간장, 청주, 겨자가루, 소금","무, 어묵"
255,닭다리굴소스볶음,30.0,2,"오이, 간장, 녹말, 식용유, 마른고추, 마늘, 생강, 실파","굴소스, 간장, 식초, 맛술, 설탕, 토마토케첩",닭다리
256,영양채소밥,40.0,2,,"다시물, 참기름, 간장, 다진파, 다진마늘, 깨소금","쌀, 밤, 고구마, 은행, 대추"
257,사색나물,30.0,1,"간장, 식용유, 물","다진파, 다진마늘, 깨소금, 참기름, 소금, 들깻가루","콩나물, 도라지, 시금치, 고사리"
258,떡잡채,20.0,2,"신김치, 양파, 피망, 당근","참기름, 깨소금, 소금, 통깨","가래떡, 쇠고기"
259,두부채소냉채,30.0,1,"양배추, 당근, 오이, 소금","땅콩가루, 식초, 간장, 겨자, 황설탕, 소금, 참기름","두부, 쇠고기"
260,약과,40.0,2,"참기름, 소금, 조청, 생강즙, 청주","설탕, 검은깨, 물",밀가루
261,참치주먹밥,30.0,2,"실파, 계란노른자, 파슬리, 당근, 게맛살, 오이, 단무지, 매실장아찌, 랩","맛소금, 깨소금, 후춧가루","참치, 김, 밥"
262,유부미역된장국,30.0,1,"실파, 멸치, 다시마","된장, 미림, 물","불린미역, 유부, 두부"
263,삼색수제비,30.0,2,"김, 감자, 호박, 양파, 대파","멸치, 다시마, 다진마늘, 소금, 진간장, 청정원맛선생","밀가루, 시금치즙, 당근즙"
264,고들빼기김치,70.0,3,"실파, 갓, 밤, 대추","고추, 고춧가루, 멸치액젓, 설탕, 깨소금, 다진마늘, 다진생강",고들빼기
265,달래굴파전,30.0,1,"청고추, 홍고추, 계란, 물, 실파","간장, 식초, 다진마늘, 깨소금","달래, 굴, 밀가루"
266,달래장김치,30.0,2,통깨,"마늘, 생강, 고춧가루, 진간장, 설탕",달래
267,두릅된장무침,30.0,1,,"다진파, 다진마늘, 깨소금, 참기름, 소금, 설탕","두릅, 된장, 실고추"
268,숙주미나리무침,20.0,1,실고추,"다진파, 다진마늘, 깨소금, 참기름","숙주, 미나리"
269,참나물고추장무침,20.0,1,,"고추장, 다진마늘, 다진파, 깨소금, 참기름",참나물
270,오징어통구이,30.0,1,"마늘, 대파","고추장, 고춧가루, 간장, 물엿, 양파즙, 생강즙, 다진파, 다진마늘, 깨소금, 후춧가루, 참기름",오징어
271,닭고기콩나물덮밥,40.0,2,"오이, 김치, 마늘, 실파","다진마늘, 소금, 후춧가루, 고춧가루, 파, 육수","닭, 콩나물, 밥"
272,김치두부쌈,40.0,2,"청고추, 깻잎","대파, 생강, 소금","신김치, 두부, 돼지고기"
273,호박두부찌개,30.0,1,"파, 청고추, 물, 식용유","새우젓, 다진마늘, 소금, 참기름","호박, 두부"
274,해파리해물냉채,40.0,1,"오이, 당근, 홍피망, 계란","겨자, 머스터드, 마늘, 식초, 설탕, 간장, 소금, 참기름","해파리, 새우, 쭈꾸미"
275,치킨롤,40.0,2,"당근, 완두콩통조림, 옥수수통조림, 식용유, 버터","토마토케첩, 우스터소스, 설탕",닭
276,아스파라거스새우볶음,30.0,2,샐러리,"미림, 소금, 후춧가루, 참기름","아스파라거스, 새우"
277,꽃만두국(완당국),40.0,2,"물, 소금, 육수, 팽이버섯, 쑥갓, 부추","식용유, 녹말, 간장, 다진파, 다진마늘, 후춧가루, 참기름","밀가루, 쇠고기, 배추"
278,돼지고기표고볶음,30.0,1,"양파, 피망, 청고추, 대파, 마늘, 생강, 녹말","소금, 굴소스, 후춧가루, 조미술","돼지고기, 표고버섯"
279,오징어풋마늘산적,30.0,2,"밀가루, 물, 꼬치","간장, 다진파, 다진마늘, 참기름, 깨소금, 생강즙","풋마늘, 갑오징어"
280,상추겉절이비빔밥,30.0,2,"오이, 대파, 도라지, 고사리, 당근","간장, 식초, 고춧가루, 설탕, 참기름, 소금, 다진파, 다진마늘","밥, 상추"
281,두부알찜,30.0,2,"모시조개, 새우, 표고버섯","다시물, 은행, 조미술, 소금, 간장","두부, 계란"
282,연어양상추쌈,20.0,2,"오이피클, 체리, 무순",땅콩버터,"양상추, 훈제연어"
283,브로콜리크림수프,30.0,3,"버터, 밀가루","소금, 후춧가루","브로콜리, 우유, 생크림"
284,해물떡꼬치,30.0,2,피망,"고추장, 설탕, 식초, 케첩, 간장, 고춧가루, 다진마늘, 다진파, 핫소스, 참기름, 후춧가루","오징어, 새우, 가래떡"
285,옥수수볶음밥,20.0,2,"피망, 햄, 양파, 당근","소금, 후춧가루","밥, 옥수수통조림"
286,김치꽁치조림,20.0,2,물,"다진마늘, 다진대파, 참기름, 고춧가루, 간장, 설탕","꽁치통조림, 김치"
287,치즈돈까스,40.0,2,"청피망, 밀가루, 계란, 빵가루","소금, 생강즙","돼지고기, 모짜렐라치즈"
288,간장떡볶이,60.0,2,"양파, 당근, 청피망, 표고버섯","간장, 설탕, 참기름, 후춧가루, [쇠고기양념] 간장, 다진마늘","가래떡, 채썬쇠고기"
289,한국식타코샐러드,30.0,2,"간장, 설탕, 조미술, 후춧가루","토마토, 케첩, 핫소스","춘권피, 쇠고기, 깻잎, 무순, 양파, 토마토, 식용유"
290,김치쌈밥,20.0,2,,"소금, 참기름, 설탕, 다진파, 조미료","밥, 김칫잎"
291,잔치국수,30.0,1,"[멸치장국] 국멸치, 호박, 당근, 계란, 소금, 후춧가루, 국간장, 깨소금, [불고기양념] 간장, 설탕, 참기름","간장, 고춧가루, 다진파, 참기름","채썬쇠고기, 소면"
292,감자그라탕,40.0,2,"양파, 베이컨, 크림수프, 모짜렐라치즈",소금,감자
293,코다리조림,30.0,1,"양파, 청고추, 깨소금","간장, 설탕, 다진파, 다진마늘, 참기름, 후춧가루, 물",코다리
294,치킨데리야끼,30.0,2,"파인애플, 브로콜리, 당근, 밥, 청피망, 계란, 숙주","설탕, 청주, 물, 간장, 참기름, 식용유",닭
295,순대볶음,20.0,1,"양배추, 양파, 깻잎, 쫄면, 식용유","고춧가루, 간장, 설탕, 들깻가루, 다진마늘",순대
296,닭갈비,25.0,2,"고구마, 양배추, 양파, 흰떡, 깻잎","고추장, 고춧가루, 설탕, 간장, 깨소금, 참기름","닭, 생강즙"
297,베이컨꼬치구이,20.0,2,"샐러리, 프랑크소시지, 게맛살, 팽이버섯, 피망, 흰떡","마요네즈, 머스터드, 간장, 레몬즙",베이컨
298,열무비빔밥,20.0,2,"간장, 설탕, 다진파, 다진마늘, 참기름","고추장, 설탕, 마늘, 참기름, 열무김치","밥, 열무김치, 쇠고기"
299,다시마볶음,20.0,1,"맛살, 당근, 청고추, 실파, 식용유","마늘, 생강즙, 청주, 소금, 후춧가루, 참기름",다시마
300,버섯잡채밥,40.0,1,"양파, 쇠고기, 당근, 실파","햇살담은간장, 소금, 후춧가루, 참기름, 깨소금, 간장, 설탕, 다진파, 다진마늘","밥, 당면, 느타리버섯, 팽이버섯, 목이버섯"
301,쑥브리오슈,60.0,1,"소금, 이스트, 버터, 계란, 물",,"강력분, 설탕, 쑥"
302,된장깻잎장아찌,20.0,1,,"된장, 소금",깻잎
303,비빔쌀국수,30.0,1,"쇠고기, 양파, 새우, 상추, 레몬","육수, 간장, 식초, 설탕, 실파, 다진고추, 소금, 후추, 다진마늘, 다진파",쌀국수
304,아욱국,30.0,1,"쌀뜨물, 모시조개, 대파","된장, 멸치, 마늘, 후춧가루",아욱
305,라볶이,30.0,1,"대파, 마늘","고추장, 설탕, 고춧가루","라면, 떡, 어묵"
306,고등어김치조림,20.0,1,"물, 파","다진마늘, 다진생강, 진간장, 고춧가루, 설탕","고등어, 배추김치"
307,류산슬,40.0,3,"표고버섯, 죽순, 부추, 완두콩, 대파, 식용유, 물, 녹말","마늘, 생강, 간장, 굴소스, 청주, 후춧가루, 참기름","쇠고기, 새우, 해삼"
308,바지락볶음,20.0,1,"청고추, 식용유","다진마늘, 대파, 마른고추, 두반장, 설탕",바지락
309,가지쇠고기볶음,20.0,1,"청고추, 홍고추, 대파","다진마늘, 간장, 청주, 소금, 설탕, 깨소금, 참기름","가지, 쇠고기"
310,버섯청국장찌개,30.0,1,"팽이버섯, 양송이버섯, 호박, 두부, 대파, 청고추, 쌀뜨물, 홍고추",다진마늘,"청국장, 표고버섯, 느타리버섯"
311,부추부침개,30.0,1,"계란, 물, 식용유",,"밀가루, 찹쌀가루, 부추, 청고추, 오징어"
312,냉고기쌈,20.0,1,"맛술, 간장, 설탕","고추냉이, 간장, 식초, 물","쇠고기, 무순, 양배추, 당근"
313,치킨버섯찜,40.0,2,"당근, 청고추, 계란","간장, 설탕, 청주, 소금, 후춧가루, 계란노른자","닭안심, 표고버섯, 느타리버섯, 팽이버섯"
314,새송이산적,20.0,1,,"진간장, 설탕, 다진파, 다진마늘, 깨소금, 후춧가루, 참기름, 소금","쇠고기, 새송이버섯, 잣가루"
315,물만두,50.0,2,대파,"생강, 간장, 소금, 참기름, 후춧가루","돼지고기, 부추, 밀가루"
316,볶음쌀국수,25.0,2,청고추,"대파, 마늘, 생강, 굴소스, 간장, 설탕, 소금, 후춧가루","쌀국수, 돼지고기, 숙주나물"
317,버섯파스타,25.0,1,"파, 올리브오일","다진마늘, 화이트와인, 간장","파스타, 표고버섯, 느타리버섯, 양송이버섯"
318,닭개장,60.0,3,"도라지, 마늘, 생강","고춧가루, 닭육수, 다진마늘, 생강즙, 간장, 참기름, 소금, 후춧가루","닭봉, 대파, 고사리"
319,김치볶음밥,20.0,1,"감자, 양파, 햄, 식용유, 계란","소금, 후춧가루","김치, 밥"
320,오징어채볶음,20.0,1,식용유,"술, 물엿, 참기름","오징어채, 고추장, 설탕"
321,바지락칼국수,25.0,1,양파,"다진마늘, 맛술, 청장, 소금, 후춧가루","칼국수, 바지락, 애호박"
322,오징어도라지생채,30.0,1,"오이, 소금","고추장, 고춧가루, 간장, 식초, 물엿, 참기름, 깨소금","도라지, 오징어"
323,애호박무침,15.0,1,,"파, 다진마늘, 고춧가루, 간장, 새우젓국, 참기름, 깨소금","애호박, 식용유, 청피망, 홍피망"
324,양송이버섯죽,30.0,1,"호박, 실파, 당근, 깻잎, 양파","참기름, 물, 깨소금, 소금","찹쌀, 양송이버섯"
325,홍합미역국,20.0,2,물,"소금, 간장, 후춧가루","미역, 홍합, 참기름"
326,오징어덮밥,30.0,2,"양파, 피망, 실파, 식용유","물, 고추장, 두반장, 설탕, 깨소금, 소금, 후춧가루","밥, 오징어"
327,모듬채소볶음,20.0,1,식용유,"다진마늘, 간장, 굴소스, 소금, 후춧가루, 참기름","완두콩, 옥수수, 당근, 감자, 껍질콩"
328,대구탕,30.0,2,팽이버섯,"고춧가루, 고추장, 소금, 후춧가루, 미림","대구, 무, 콩나물, 홍고추, 청고추, 미나리"
329,불고기찹쌀구이,30.0,2,기름,"간장, 후춧가루, 참기름","쇠고기, 찹쌀가루, 겨자, 식초, 설탕"
330,고추부각,30.0,3,식용유,,"고추, 찹쌀가루, 소금, 설탕"
331,충무김밥,50.0,2,,"설탕, 식초, 까나리액젓, 참기름, 깨소금, 다진파, 다진마늘","김, 오징어, 무, 고춧가루, 밥"
332,기스면,30.0,2,당근,"대파, 생강, 맛술, 간장, 소금, 후춧가루","닭다리, 물, 소면, 중국부추"
333,감자수프,40.0,2,"계란노른자, 생크림","소금, 후춧가루","감자, 양파, 대파, 버터, 육수"
334,마늘빵,20.0,1,"버터, 마늘, 파슬리가루",,바게트
335,치킨수프,40.0,2,"당근, 실파, 계란, 표고버섯, 녹말","소금, 후춧가루, 참기름","닭살, 닭육수, 죽순"
336,계란찜,20.0,1,"시금치, 당근, 옥수수통조림","다진파, 소금, 후춧가루, 설탕, 물, 청정원맛선생",계란
337,콩나물비빔밥,40.0,2,당근,소금,"밥, 보리, 콩나물, 오이, 다진쇠고기"
338,인절미,60.0,1,콩,소금,찹쌀
339,상추채소무침,20.0,1,,"고춧가루, 설탕, 식초, 조림간장, 참기름, 깨소금","상추, 들깻잎, 쑥갓, 케일"
340,호박양파국,20.0,1,"대파, 홍고추","된장, 국멸치, 소금","호박, 양파, 두부"
341,꽁치구이,20.0,1,,"소금, 와사비, 레몬, 간장",꽁치
342,오징어젓갈,40.0,1,,"소금, 고춧가루, 다진마늘, 다진생강, 다진파",오징어
343,무생채,20.0,1,"다진파, 다진마늘","고춧가루, 식초, 설탕, 소금, 참기름, 깨소금",무
344,해물국시,60.0,2,"호박, 감자, 대파, 청고추","다시마, 간장, 소금, 참기름","새우, 바지락, 칼국수"
345,안심스테이크,40.0,2,"당근, 감자, 오이, 밀가루, 버터, 육수","우스터소스, 토마토페스트, 소금, 후춧가루, 레드와인",쇠고기
346,파래무침,20.0,1,당근,"간장, 설탕, 식초, 참기름, 깨소금",파래
347,단호박튀김,30.0,1,"계란, 밀가루, 튀김가루, 식용유",,단호박
348,해물스파게티,30.0,1,"양파, 샐러리, 양송이, 다진마늘, 버터, 밀가루, 올리브오일, 토마토","오레가노, 파마산치즈, 후춧가루, 소금","스파게티, 홍합, 오징어, 새우, 홀토마토"
349,월남쌈,30.0,2,"오이, 양파, 표고버섯, 키위, 파인애플, 당근","간장, 물, 청고추, 설탕, 깨소금, 다진홍고추, 식초, 소금","라이스페이퍼, 쌀국수, 오징어"
350,무나물,20.0,1,식용유,"소금, 깨소금, 참기름",무
351,고등어된장조림,40.0,2,"무, 대파, 다시마국물","설탕, 술, 간장, 미림, 된장",고등어
352,두부두루치기,20.0,1,"양파, 대파, 홍고추, 풋고추","다진파, 다진마늘, 고춧가루, 간장, 참기름, 깨소금","두부, 양배추"
353,고구마그라탱,30.0,1,"생크림, 모짜렐라치즈","소금, 치즈가루, 파슬리가루",고구마
354,시금치된장죽,30.0,1,쇠고기,"일본된장, 다시마, 참기름, 가쓰오브시","쌀, 시금치"
355,제육겨자쌈,60.0,2,"양파, 당근, 깻잎, 대파","양겨자, 설탕, 소금, 식초, 통후추",돼지고기
356,그린파스타,30.0,1,"양파, 생크림, 계란노른자, 올리브오일","마늘, 소금, 흰후추, 바질, 오레가노","페투치네, 베이컨"
357,삼색태극말이초밥,30.0,2,"계란노른자, 오보로","파슬리, 식초, 설탕, 소금","김, 밥"
358,캘리포니아롤,60.0,2,"게살, 오이, 아보카도, 계란, 박고지, 날치알, 단무지, 초생강","통깨, 식초, 설탕, 소금","김, 밥"
359,오곡주먹밥,30.0,1,"팥, 수수, 쇠고기, 김, 미나리, 조, 콩","간장, 참기름, 후춧가루, 깨소금","찹쌀, 쌀"
360,무초김치,30.0,1,"미나리, 배, 당근, 생강","소금, 설탕, 식초",무
361,화전,30.0,1,"대추, 쑥갓, 식용유","소금, 설탕, 물",찹쌀가루
362,만두샐러드,30.0,1,"오이, 양파, 올리브, 토마토","머스터드, 꿀, 식초, 마요네즈","냉동만두, 양상추"
363,콩나물미나리무침,20.0,1,,"고춧가루, 소금, 참기름, 깨소금, 다진파, 다진마늘","콩나물, 미나리"
364,돈부리,30.0,2,"양파, 미나리, 팽이버섯, 계란","가쓰오브시국물, 간장, 설탕, 미림","밥, 쇠고기"
365,연어알초밥,30.0,1,"와사비, 김","식초, 설탕, 소금","연어알, 밥"
366,깐풍새우,40.0,2,"녹말, 계란, 식용유, 양파, 마늘, 청고추, 홍고추, 대파, 생강","간장, 식초, 육수, 후춧가루, 참기름",새우
367,해산물두부수프,30.0,1,"두부, 전분, 육수, 계란흰자","소금, 정종, 참기름","게살, 새우, 흰살생선, 오징어, 미원"
368,채소스프,30.0,1,"쇠고기스톡, 버터","토마토페이스트, 파슬리가루","당근, 양파, 샐러리, 피망, 무"
369,샤브샤브,30.0,1,"배추, 당근, 무, 팽이버섯, 표고버섯, 두부, 대파, 가래떡, 죽순, 쑥갓","다시마, 국물용멸치",쇠고기
370,소바정식,20.0,1,"김, 대파","와사비, 진간장, 조미술, 가쓰오브시국물, 설탕",메밀국수
371,쇠고기버섯덮밥,30.0,1,"느타리버섯, 표고버섯, 팽이버섯, 실파, 계란","다시마국물, 간장, 설탕, 미림",쇠고기
372,꽃게해물탕,30.0,2,"애호박, 무, 팽이버섯, 홍고추, 대파, 청고추","고추장, 고춧가루, 마늘, 국간장, 생강, 소금, 후춧가루","꽃게, 바지락, 맛살조개, 오징어"
373,해초무침,20.0,1,"오징어, 새우","간장, 식용유, 식초, 양파, 당근, 사과, 마늘, 레몬, 흰후춧가루","해초, 미역"
374,모듬전,30.0,1,"부추, 물, 식용유, 쇠고기, 두부, 표고버섯, 계란","소금, 간장, 설탕, 다진파, 다진마늘, 참기름","감자, 양파, 밀가루, 깻잎"
375,장어덮밥,30.0,1,초생강,"산초가루, 장어대리, 진간장, 정종, 설탕, 미림, 장어뼈","장어, 밥"
376,장어계란말이,30.0,1,식용유,"소금, 설탕, 미림, 다시마","장어, 계란"
377,토마토해산물스파게티,30.0,1,"양파, 당근, 샐러리, 소금","마늘, 토마토페이스트, 육수, 월계수잎, 후춧가루, 올리브오일, 파마산치즈, 바질","오징어, 새우, 홍합, 모시조개, 동태살, 꼴뚜기, 스파게티, 토마토"
378,돈까스덮밥,30.0,1,"밀가루, 우유, 빵가루, 계란","정종, 샐러리, 돈까스소스, 우스터소스, 토마토케첩, 버터, 꿀, 미림, 사과, 양파, 바나나, 타바스코, 겨자, 마늘","돼지고기, 밥"
379,볶음우동,30.0,1,"양배추, 양파, 숙주나물, 표고버섯, 피망, 팽이버섯, 햄, 죽순, 대파, 식용유","마늘, 굴소스, 핫소스, 간장, 청주, 참기름, 토마토케첩, 설탕, 후춧가루",우동면
380,오징어삼겹살볶음,30.0,1,"옥수수통조림, 양파, 실파, 청고추, 홍고추","고추장, 미림, 설탕, 다진마늘, 다진생강, 물엿, 참기름","오징어, 돼지고기"
381,채소영양밥,50.0,1,물,소금,"쌀, 대추, 밤, 은행, 느타리버섯, 스위트콘"
382,마파두부덮밥,30.0,2,"청고추, 대파, 녹말물, 홍고추, 참기름","다진마늘, 다진생강, 두반장, 고추기름, 간장, 맛술, 설탕","밥, 두부, 돼지고기"
383,순두부,50.0,2,"물, 간수",소금,흰콩
384,우묵냉채,20.0,1,"오이, 다시마, 멸치","간장, 참기름, 깨소금, 고춧가루, 설탕, 다진마늘, 다진파",우묵
385,버섯매운탕,60.0,2,"양파, 감자, 호박, 쑥갓","국간장, 고춧가루, 마늘, 소금, 후춧가루","표고버섯, 느타리버섯, 송이버섯, 쇠고기, 칼국수"
386,동래파전,30.0,1,"계란, 쇠고기, 굴, 홍합, 조갯살, 잔새우","다진마늘, 식용유, 다진파, 소금, 후춧가루, 깨소금, 참기름, 고춧가루, 식초, 설탕","밀가루, 쌀가루, 실파"
387,조기찜,30.0,1,"무, 감자, 양파, 물, 청고추, 홍고추","대파, 마늘, 고추장, 고춧가루, 참기름, 생강즙, 소금, 후춧가루",조기
388,양상추참치샐러드,20.0,1,적채,"마요네즈, 설탕, 소금, 머스터드, 토마토케첩","참치, 양파, 당근, 오이, 양상추"
389,라조육,30.0,1,"표고버섯, 피망, 대파, 녹말, 홍고추, 계란","마늘, 생강즙, 고추기름, 간장, 청주, 육수, 참기름, 다진파, 소금",돼지고기
390,김치홍합국,30.0,1,"대파, 홍고추","멸치, 물, 마늘, 고춧가루, 소금","김치, 홍합"
391,가지튀김,30.0,1,"밀가루, 계란, 빵가루","소금, 간장, 설탕, 맛술, 깨소금, 머스터드, 마요네즈, 후춧가루, 참기름","가지, 돼지고기"
392,골뱅이볶음,30.0,1,"표고버섯, 양파, 청피망, 홍피망, 녹말","마늘, 대파, 진간장, 깨소금, 참기름, 설탕",골뱅이
393,닭가슴살해파리샐러드,30.0,1,"오이, 홍고추, 레몬, 청고추","식초, 참기름, 간장, 설탕, 꿀, 소금","닭, 해파리"
394,어묵볶음,30.0,1,"양파, 피망, 식용유, 김치","마늘, 고춧가루, 간장, 설탕, 참기름, 깨소금",어묵
395,오징어섞어찌개,30.0,1,"대파, 홍고추, 쑥갓, 청고추, 양파, 호박","다진마늘, 생강, 간장, 고춧가루, 소금, 후춧가루, 다진파, 맛술","오징어, 두부, 모시조개, 김치"
396,떡꼬치,30.0,1,브로콜리,"마늘, 고추장, 고춧가루, 설탕, 간장, 후춧가루, 깨소금, 물, 참기름","가래떡, 쇠고기"
397,연어오픈샌드위치,30.0,1,"상추, 체리알, 사워크림","머스터드, 땅콩버터","바게트, 훈제연어"
398,참치김치찌개,30.0,1,"양파, 대파, 홍고추, 팽이버섯, 두부, 청고추","고춧가루, 소금, 참기름","김치, 참치"
399,오징어볶음과소면,30.0,1,"양파, 홍고추, 양배추, 당근","고추장, 고춧가루, 간장, 설탕, 다진파, 다진마늘, 깨소금, 후춧가루, 참기름",오징어
400,부추잡채,30.0,1,"양파, 청고추, 홍고추","다진마늘, 다진생강, 청정원굴소스, 소금, 참기름, 깨소금, 식용유","부추, 돼지고기"
401,쟁반라면,40.0,1,"계란, 꽃상추, 깻잎, 치커리, 양파","고추장, 간장, 식초, 설탕, 깨소금, 후춧가루, 마늘, 겨자","라면, 쇠고기"
402,불고기꽃만두,30.0,1,"양파, 튀김기름, 계란, 치자","간장, 설탕, 참기름, 깨소금, 후춧가루, 마늘, 피망, 케첩","밀가루, 쇠고기"
403,해물샤브샤브,30.0,1,"당근, 팽이버섯, 표고버섯, 미나리, 곤약","다시마, 가쓰오브시, 소금, 청주, 폰즈소스, 와사비소스, 깨소스","새우, 맛조개, 낙지"
404,간장게장,60.0,2,"간장, 물, 생강, 마늘","청고추, 다진파, 채썬마늘, 채썬생강, 고춧가루, 참기름, 깨소금, 설탕",꽃게
405,녹두죽,60.0,1,물,"소금, 설탕","녹두, 쌀"
406,돼지불고기,30.0,1,,"고추장, 고춧가루, 간장, 미림, 다진파, 다진마늘, 설탕, 물엿, 깨소금, 참기름, 후춧가루",돼지고기
407,단호박구이,30.0,1,,"황설탕, 버터, 소금, 후춧가루",단호박
408,라조기,40.0,1,"계란, 녹말, 튀김가루, 표고버섯, 피망","간장, 마늘, 대파, 마른고추, 고춧기름, 청주, 육수, 참기름",닭
409,양파쌈파이,30.0,1,식용유,"설탕, 계핏가루, 물","양파, 만두피"
410,미역수제비,40.0,1,,"마늘, 대파, 생강, 소금, 후춧가루, 국간장, 설탕, 다진파, 다진마늘, 깨소금","닭고기, 미역, 밀가루"
411,맑은대구탕,40.0,1,"두부, 홍고추, 팽이버섯, 청고추","다시마, 가쓰오브시, 미나리, 마늘, 소금",생대구
412,브로콜리베이컨말이,30.0,2,채소,"케첩, 머스타드","브로콜리, 베이컨"
413,쇠고기덮밥,30.0,1,"양파, 대파, 표고버섯","다진마늘, 간장, 맛술, 설탕, 소금, 참기름, 후춧가루, 깨소금","쇠고기, 밥"
414,고등어튀김케첩조림,30.0,1,"피망, 양파, 실파, 녹말","생강, 토마토케찹, 육수, 설탕, 간장, 마늘",고등어
415,생굴채소무침,30.0,2,"생밤, 오이, 청고추, 홍고추, 실파, 배, 마늘, 파슬리",양념,"굴, 배추"
416,생선전,30.0,1,"계란, 쑥갓, 밀가루, 식용유","소금, 후춧가루",대구살
417,통마늘장아찌,40.0,1,"식초, 멸치","설탕, [절임간장] 진간장, 식초",통마늘
418,북어해장국밥,30.0,2,홍고추,"멸치다시물, 다진마늘, 다진파, 국간장, 소금, 후춧가루","콩나물, 북어"
419,봄동겉절이,30.0,1,영양부추,"고춧가루, 까나리액젓, 새우젓, 다진마늘, 다진파, 다진생강, 참기름, 깨소금",봄동
420,양파전,30.0,1,"다진쇠고기, 두부, 밀가루, 계란, 홍고추","다진파, 다진마늘, 깨소금, 소금, 참기름, 후춧가루",양파
421,꽃상추쌈,30.0,1,"다진쇠고기, 다진양파","간장, 설탕, 다진파, 다진마늘, 깨소금, 참기름, 고추장","상추, 밥"
422,돼지고기우엉말이조림,30.0,1,,"간장, 다시물, 고춧가루, 정종, 설탕, 생강즙","우엉, 돼지고기"
423,다시마채소말이,30.0,1,"게맛살, 홍피망, 파프리카, 오이",초고추장,"쌈다시마, 오징어"
424,무말랭이무침,20.0,1,,"다진파, 다진마늘, 간장, 고추장, 깨소금, 멸치액젓, 고춧가루, 설탕",무말랭이
425,낙지불고기,40.0,1,"당근, 양파, 홍고추, 콩나물, 애호박, 팽이버섯, 쑥갓","간장, 설탕, 다진파, 다진마늘, 고춧가루, 고추장, 생강즙, 깨소금, 후춧가루, 육수","쇠고기, 낙지"
426,돌솥비빔밥,30.0,1,"도라지, 숙주, 상추, 계란후라이","다진파, 다진마늘, 깨소금, 후춧가루, 참기름, 설탕, 고추장","애호박, 취나물, 시금치, 고사리, 육회"
427,고등어양념구이,30.0,1,"대파, 양파, 실파, 홍고추, 청고추","간장, 굵은고춧가루, 고운고춧가루, 정종, 생강, 마늘, 참기름, 깨소금, 물엿",고등어
428,고등어조림,30.0,1,"무, 애호박, 당근, 대파, 양파, 홍고추, 풋고추, 팽이버섯","간장, 굵은고춧가루, 고운고춧가루, 설탕, 물엿, 생강, 마늘, 정종, 된장, 후춧가루, 소금",고등어
429,갈치구이,15.0,1,밀가루,"소금, 후춧가루, 레몬",갈치
430,갈치조림,30.0,1,"무, 애호박, 당근, 대파, 양파, 홍고추, 청고추","굵은고춧가루, 고운고춧가루, 설탕, 다진생강, 다진마늘, 정종, 된장, 후춧가루, 소금, 간장, 물엿",갈치
431,새우겨자채,30.0,1,"석이버섯, 팽이버섯, 오이, 당근, 양상추, 부추, 무순, 배","겨자, 식초, 설탕, 소금",새우
432,치즈멸치볼,20.0,1,"식용유, 치즈","간장, 설탕, 깨소금","밥, 잔멸치"
433,채소치즈죽,20.0,1,"청피망, 홍피망","파슬리가루, 소금, 후춧가루","햄, 양파, 밥, 치즈"
434,수삼치즈샐러드,20.0,1,"양상추, 무,래디쉬, 적채, 치커리",마요네즈,"수삼, 크림치즈"
435,마늘볶음국수,30.0,1,"양파, 청고추, 홍고추, 숙주","간생강, 굴소스, 간장, 맛술, 버터","우동면, 간마늘"
436,쌀국수,30.0,1,"숙주, 대파","청고추, 피시소스, 고수잎, 소금","쌀국수, 쇠고기, [쇠고기육수] 쇠뼈, 쇠꼬리, 양파, 생강, 팔각, 정향, 통계피"
437,깻잎조림,15.0,1,"청고추, 홍고추","간장, 물, 조청, 들기름",깻잎
438,얼갈이열무물김치,60.0,2,"청고추, 홍고추, 쪽파, 양파, 미나리","굵은소금, 물, 꽃소금, 설탕, 밀가루, 마늘, 생강, 정종","열무, 얼갈이배추"
439,간장,5.0,3,"마른고추, 숯",,"메주콩, 소금, 물"
440,된장,30.0,3,소금,,메주
441,고추장,90.0,3,"메주콩, 멥쌀",,"찹쌀가루, 고춧가루, 소금, 엿기름"
442,고구마강정,60.0,2,튀김기름,시럽,"고구마, 건포도, 호박씨"
443,근대된장국,30.0,1,"쇠고기, 멸치","다진마늘, 대파, 고춧가루, 된장, 고추장",근대
444,된장찌개,30.0,1,"표고버섯, 애호박, 청고추, 홍고추, 대파","멸치, 다시마, 고춧가루, 다진마늘, 참기름","두부, 순창콩된장"
445,깻잎말이김치,30.0,1,"홍고추, 청고추, 다진마늘, 대추, 대파, 양파, 다진생강, 멸치, 멸치액젓, 설탕, 물",,"깻잎, 밤"
446,붉은갓동치미,30.0,1,"굵은소금, 삭힌고추, 물, 고운소금, 배, 양파, 마늘, 생강",,"무, 붉은갓"
447,파프리카볶음밥,50.0,1,"감자, 호박, 피망, 양파, 당근, 올리브오일","소금, 후춧가루","파프리카, 찬밥"
448,돼지갈비레몬찜,60.0,1,레몬,"다진마늘, 저민마늘, 마른고추, 화이트와인, 물, 소금, 후춧가루, 올리브오일",돼지갈비
449,시금치계란말이,30.0,1,"게맛살, 올리브오일",소금,"시금치, 계란"
450,낙지연포탕,30.0,1,"배추, 대파, 소금","참기름, 다진마늘, 청고추, 홍고추, 소금","낙지, 모시조개"
451,새우죽,30.0,1,물,"소금, 참기름","쌀, 새우"
452,전복죽,30.0,1,"물, 실파, 김","참기름, 소금, 깨소금","전복, 쌀"
453,죽순회와미나리강회,20.0,1,"계란, 홍고추, 쌀뜨물","[초고추장] 고추장, 설탕, 식초","죽순, 미나리"
454,시금치나물,20.0,1,"대파, 홍고추","물, 소금, 멸치액젓, 통깨, 참기름",시금치
455,녹차콩국수,30.0,2,"오이, 방울토마토, 육수",소금,"메주콩, 녹차국수, 물"
456,우무콩냉국,20.0,1,오이,"깨, 잣, 생수, 소금","우무, 콩"
457,모듬콩수프,20.0,1,"깨, 잣, 호두, 식빵","버터, 후춧가루, 소금",콩
458,서리태콩국수,30.0,1,"오이, 토마토, 참깨",소금,"서리태콩, 소면"
459,대대로닭칼국수,30.0,1,"닭발, 통파, 오이","생강, 소금","날콩가루, 밀가루, 닭"
460,전어회무침,30.0,1,"무, 미나리, 콩가루, 양파","청고추, 고춧가루, 식초, 고추장, 다진마늘, 설탕, 전어젓갈, 통깨",전어
461,왕새우구이와구운채소,40.0,2,"아스파라거스, 새송이버섯, 느타리버섯, 애호박, 가지, 감자, 마늘","타임, 바질, 버터, 소금, 와사비, 샐러드오일, 통후추",대하
462,소꼬리찜,60.0,1,"사골, 대추, 밤","마늘, 청양고추, 대파",소꼬리
463,삼색나물월남쌈,30.0,2,"당근, 깻잎, 양파, 오이",소스,"시금치나물, 도라지나물, 고사리나물, 고기산적, 라이스페이퍼"
464,토란닭고기찜,30.0,2,"표고버섯, 우엉, 당근","간장, 맛술, 설탕, 생강즙, 청주, 식용유","토란탕, 닭고기"
465,녹두고물호박떡케이크,70.0,3,"물, 설탕",소금,"멥쌀가루, 단호박, 녹두"
466,크림소스파스타,60.0,2,"양파, 베이컨, 버터","후춧가루, 소금, 다진마늘","파스타, 생크림, 우유"
467,상추미소국,20.0,1,"두부, 실파","다시마, 가다랑이포","상추, 미소된장"
468,가지김치,30.0,1,,"다진파, 다진마늘, 다진생강, 액젓, 설탕, 소금","가지, 부추, 고춧가루"
469,버섯잡채,30.0,1,"식용유, 청피망, 홍피망","간장, 설탕, 다진마늘, 참기름, 소금, 후춧가루","느타리버섯, 표고버섯, 팽이버섯"
470,부추올리브오일무침,20.0,1,,"[양념장] 다진파, 다진마늘, 간장, 식초, 고춧가루, 설탕, 통깨","부추, 올리브오일"
471,바베큐립,60.0,2,"샐러리, 양파, 마늘","바베큐소스, 레드와인, 올리브오일, 소금, 후춧가루",돼지등갈비
472,무쌈말이,30.0,1,"비트, 오이, 게맛살, 파프리카, 네모난햄, 무순, 계란","땅콩버터, 꿀, 설탕, 식초, 깨소금, 레몬즙",절임무
473,치킨샐러드,30.0,1,"양상추, 겨자잎, 양파, 당근, 오이, 오렌지, 마른고추","허니머스터드, 레몬즙, 설탕, 소금, 청주, 다진마늘",닭가슴살
474,된장채소수제비,30.0,1,"대파, 양파, 청고추, 홍고추, 물, 된장","국물용멸치, 물, 다진마늘, 참기름, 국간장, 소금, 후춧가루","표고버섯, 감자, 밀가루"
475,고추장닭강정,40.0,2,"우유, 맛술, 소금, 후춧가루, 호두, 계란, 녹말가루, 튀김가루, 카레가루","고추장, 토마토케첩, 물엿, 꿀, 물, 식초, 다진마늘, 고추기름, 맛술",닭
476,참치죽,30.0,1,"당근, 감자, 표고버섯, 실파, 물, 다시마, 애호박","참기름, 국간장, 깨소금","참치통조림, 불린쌀"
477,두부파프리카전,30.0,1,"포도씨유, 칵테일새우, 간장, 식초","소금, 후춧가루","두부, 파프리카"
478,고추잡채와꽃빵,30.0,1,"오이, 당근, 새우, 포도씨유, 새송이버섯","후춧가루, 굴소스, 청주, 참기름","청고추, 홍고추, 꽃빵"
479,해물찌개,30.0,2,"양파, 무, 홍고추, 대파, 미나리, 다시마, 청고추","간장, 고춧가루, 다진마늘, 다진생강, 고추장, 소금, 후춧가루","쭈꾸미, 오징어, 새우, 모시조개, 홍합"
480,돼지고기김치찌개,30.0,2,"청정원국선생, 표고버섯, 대파, 청고추, 식용유","후춧가루, 맛술","신김치, 돼지고기안심"
481,두부조림,30.0,1,"청고추, 홍고추","다진마늘, 굴소스, 물, 참기름, 소금",두부
482,오코노미야키,30.0,2,"양배추, 새우, 실파, 베이컨, 팽이버섯, 양파","굴소스, 가쯔오브시, 마요네즈, 소금, 후춧가루","밀가루, 다시물, 계란"
483,해물볶음밥,30.0,2,"파프리카, 팽이버섯, 날치알","청주, 소금, 후춧가루, 굴소스, 참기름","새우, 오징어, 바지락, 밥"
484,새송이쌈장구이,30.0,2,"올리브오일, 양파, 표고버섯, 피망, 마늘","청정원순창쌈장, 물, 쪽파, 다진마늘, 간장, 청주, 설탕, 홍고추, 참기름, 청고추",새송이버섯
485,해물매운탕,60.0,2,"무, 양파, 청고추, 다시마, 미나리, 쑥갓, 홍고추","고춧가루, 국간장, 맛술, 다진마늘, 다진생강, 후춧가루, 소금, 참기름","대하, 오징어, 미더덕, 바지락, 꽃게"
486,해물순두부찌개,30.0,2,"계란, 다시마, 멸치, 양파","청정원어장, 고춧가루, 깨소금, 참기름","두부, 미더덕, 바지락, 잔새우"
487,김치우동,30.0,1,"새우, 쑥갓, 김","[육수] 시판용장국, 물, 고춧가루, 국간장, 소금, 후춧가루, 맛술, 설탕, 식초, 참기름","우동면, 김치"
488,쫄면,40.0,2,"오이, 파프리카, 깻잎, 새싹채소","고추장, 식초, 설탕, 간장, 참기름, 다진마늘, 물엿",쫄면
489,발효초요구르트,10.0,1,"초콜릿, 과일통조림, 꿀",,"플레인요구르트, 발효초"
490,채소피클,20.0,1,"브로콜리, 양배추","물, 발효초, 설탕, 소금, 통후추, 식초","미니파프리카, 오이, 당근"
491,떡만두국,30.0,2,"계란, 구운김, 대파, 만두피","다진마늘, 청정원맛선생, 국간장, 참기름","떡국떡, 만두피, 다진돼지고기, 배추김치, 숙주, 두부, 파"
492,꽁치김치찌개,60.0,2,"무, 대파, 마늘, 김칫국물",간장,"김치, 꽁치"
493,미소된장국,30.0,1,"팽이버섯, 실파","미소, 다시마, 간장",두부
494,비빔냉면,50.0,2,"무, [배합초] 소금, 설탕, 식초, 물","[비빔양념] 간장, 고추장, 다진마늘, 다진파, 식초, 설탕, 물엿, 육수, 깨소금","냉면, 계란, 방울토마토, 샐러드채소"
495,메기매운탕,60.0,2,"무, 대파, 마늘, 생강, 쑥갓","고춧가루, 고추장, 식용유, 소금, 후춧가루, 물",메기
496,잉어찜,30.0,2,,"콩나물, 미나리, 계란, [양념장] 고춧가루, 고추장, 다진마늘, 된장, 물엿, 생강, 후춧가루, 참기름","잉어, 홍고추"
497,송어샐러드,30.0,1,"양상추, 무순, 파슬리, 오이, 토마토, 파인애플",,송어
498,까르보나라 (한국식),30.0,1,"양파, 계란노른자, 우유, 이태리파슬리, 후추, 소금, 그라나 빠다노",,"돼지 볼살, 스파게티, 생크림"
499,쌀샐러드,40.0,1,"올리브오일, 양파, 당근, 샐러리, 화이트와인, 완두콩, 닭 육수, 이태리고추, 사라다나, 트레비소, 마늘, 로즈마리, 이태리파슬리, 토마토, 파프리카, 차이브, 소금, 후춧가루",,"쌀, 낙지"
500,시금치배미음죽,40.0,1,,,"멥쌀, 찹쌀, 시금치, 배, 물(쇠고기육수)"
501,시금치표고된장무른밥,50.0,1,,,"시금치, 표고버섯, 감자, 아기된장소스, 양파, 당근, 멥쌀, 찹쌀"
502,한우토마토스튜,30.0,1,"양송이버섯, 홍피망, 청피망 각각, 당근, 감자, 양파","토마토페이스트, 바질, 월계수 잎, 물, 다진 마늘, 칠리, 후추, 식용유, 소금","토마토, 쇠고기(안심 또는 등심)"
503,흑임자삼계죽,20.0,1,"잣, 통후추, 대추, 양파, 대파, 인삼, 땅콩, 볶은 흑임자(검은깨), 참쌀",소금,닭
504,시래기돼지갈비찜,30.0,1,다시마 우린 물,"다진생강, 소금, 후추, 다진마늘, 다진양파, 다진파, 사과즙, 배즙, 청주, 간장, 고추장, 고춧가루","돼지갈비, 시래기"
505,보쌈김치,30.0,1,,"생강, 소금, 새우젓, 고춧가루, 마늘","절인 배추, 잣, 대추, 굴, 낙지다리, 밤, 배, 미나리, 실파, 갓, 무"
506,감동젓무김치,30.0,1,,"소급, 다진생각, 다진마늘, 감동젓, 고춧가루, 설탕","밤, 북어, 낙지, 생굴, 실파, 미나리, 절인 배추, 무, 배"
507,단호박옥수수치즈구이,30.0,1,,,"슈레드 치즈(모짜렐라치즈), 슬라이스치즈, 전분, 찐옥수수 알갱이, 무지개고추, 파프리카, 단호박"
508,시금치들깨수제비,30.0,2,"육수용 물, 육수용 무, 국물용 다시마, 국물용멸치, 육수용 대파",,"올리브유, 들깨가루, 밀가루, 찹쌀가루, 소금, 시금치"
509,바질페스토 스파게티,30.0,1,,"바질, 잣, 다진마늘, 올리브오일, 파마르산치즈, 소금, 후추","스파게티면, 올리브오일, 새우, 화이트와인, 다진마늘, 소금, 후추"
510,가지말이구이,30.0,1,,,"버터, 가지, 소고기, 무순, 당근, 버섯, 사과, 소금"
511,돛나물 부추 오이무침,10.0,1,,"양파, 다진마늘, 액젓, 매실액, 고추가루","돛나물, 부추, 오이"
512,오이동치미,60.0,2,"밥, 생강, 파뿌리, 양파, 물, 소금",,"오이, 무, 깐밤, 소금, 노란 파프리카, 붉은 파프리카"
513,토마토미니새송이볶음,30.0,1,,,"미니새송이버섯, 다진마늘, 다진쪽파, 바질, 올리브유, 소금, 방울토마토"
514,닭가슴살 호박말이,30.0,1,,"후추, 허니머스타드, 소금, 마요네즈","노각, 닭가슴살, 호박"
515,고구마잎무침,10.0,1,,,"다진마늘, 다진파, 깨소금, 참기름, 소금, 고구마잎"
516,매운가지볶음,20.0,1,,"고춧가루, 들기름, 간장, 소금, 다진마늘, 후추","가지, 양파, 홍고추, 대파, 청고추"
517,가지그라탕,30.0,2,,"토마토소스, 우유, 파마산치즈가루, 소금, 후추, 올리브오일","가지, 양파, 다진마늘, 피자치즈, 파슬리가루"
518,상추 치커리 오징어 초침무,30.0,1,,"와사비, 후추, 설탕, 식초, 고추장","치커리, 상추, 오징어, 양파, 고추, 당근, 오이, 쑥갓"
519,가지무침과 호박잎쌈밥,30.0,1,,"양파, 쪽파, 다진마늘, 풋고추, 간장, 소금, 통깨, 쌈장","밥, 호박잎, 가지"
520,호박무침,30.0,1,,"설탕, 통깨, 식초, 된장, 고춧가루","둥근호박, 양파, 대파, 청고추, 홍고추"
521,어린잎샌드위치,20.0,2,,"마요네스, 허니머스타드","모닝빵, 슬라이스치즈, 슬라이스햄, 토마토, 어린잎채소"
522,민트라임모히또,20.0,1,,,"라임, 허브(민트), 탄산수, 설탕, 얼음"
523,고추장아찌,30.0,1,,"설탕, 식초, 간장, 물",고추
524,깻잎장아찌,10.0,1,,"고춧가루, 간장, 까나리액젓, 쪽파, 설탕, 다진마늘, 통깨, 홍고추",깻잎
525,가지두부스테이크,30.0,1,,"매실액, 굴소스, 다진고추, 아몬드","굴소스, 에멘탈 치즈가루, 두부, 가지, 다진식파"
526,오이보트카나페,30.0,2,,"황설탕, 마요네즈, 꿀, 허브솔트, 소금, 식초, 머드터드","백오이, 참치캔, 삶은계란, 양파, 단무지, 아몬드, 견과류"
527,애호박 구이,20.0,1,,"참기름, 대파, 청양고추, 식초, 다진마늘, 맛술, 간장, 통깨, 올리브유","애호박, 부침유, 어린잎채소"
528,나물 월남쌈,30.0,2,,"통깨, 매실액, 참기름, 고추","라이스페이퍼, 연어살, 무채, 고사리, 도라지, 시금치, 콩나물"
529,단호박 고등어조림,30.0,2,"고추장, 된장","다진마늘, 간장, 고춧가루, 들기름, 설탕","고등어, 단호박, 양파, 무, 청양고추, 홍고추, 쌀뜨물"
530,당근잎 감자전,20.0,2,,,"감자, 양파, 부침가루, 소금, 당근잎, 당근채"
531,배추만두,30.0,2,"달걀, 다진마늘, 다진생강, 다짐육(돼지고기), 다짐육(소고기), 당근, 당면, 두부, 버섯","후추, 소금, 통깨, 들기름, 간장","배추잎, 미나리"
532,식빵고구마파이,30.0,1,,,"마요네즈, 식빵, 고구마, 꿀, 소금, 건블루베리, 우유, 달걀노른자"
533,카레토마토달걀볶음밥,30.0,1,"물, 카레가루",,"양파, 방울토마토, 밥, 달걀, 후추, 햄, 셀러리"
534,쪽파 새우강회,20.0,1,,"고추장, 설탕, 통깨, 식초","중새우, 소금, 쪽파"
535,누드김밥,20.0,2,,"통깨, 마요네즈, 설탕, 식초, 두부","밥, 오이, 소금, 참기름, 통깨, 김밥용김, 어린잎채소, 가지, 당근"
536,콩비지동그랑땡,30.0,2,,,"계란, 전분, 부침가루, 소금, 후추, 참기름, 밀가루, 배추, 호박, 대파, 다짐육, 콩비지, 다진마늘"
537,부추 콩가루 찜,30.0,1,"부추, 채소국물, 양파즙, 통깨","진간장, 고춧가루",생콩가루
538,된장국,30.0,1,"양파, 대파, 다시육수, 다진마늘",된장,"두부, 팽이버섯, 청양초"
539,오렌지와 당근 만남주스,20.0,1,"당근, 물",,오렌지
540,양배추감자전,30.0,1,"당근, 청양고추, 식용유  ~, 다진마늘",소금,"양배추, 애호박, 감자, 부침가루, 후춧가루, 맛술"
541,돌나물 샐러드,20.0,1,"돌나물, 양파","소금, 후추, 청주","새우, 딸기, 올리브오일, 레몬즙"
542,파프리카 물김치,10.0,1,"쪽파, 생강, 마늘, 당근, 물",천일염소금,"무우, 파프리카, 매실원액"
543,인삼떡갈비,60.0,1,다진마늘,"간장, 참기름, 물엿, 설탕, 후추","다진, 다진, 다진, 다진, 맛술, 가래떡"
544,호박잎 삼계탕,60.0,2,,소금,"호박잎, 닭가슴살, 찹쌀, 대추, 미나리, 인삼, 후춧가루"
545,황태미역 곤약스프,60.0,2,"들깨가루, 마늘","된장, 액젓, 참기름","황태채, 곤약, 건미역, 두부, 표고버섯"
546,검은콩국수,30.0,1,"물, 계란",소금,"소면, 검정콩, 오이, 토마토"
547,닭고기김치찌개,30.0,1,물,된장,"삶은, 스팸, 김치, 파, 다시다"
548,완자김치찌개,30.0,1,"계란, 물, 양파, 대파, 마늘","소금, 후추, 꽃소금, 맛소금","%, 두부, 묵은지, 시판, 호박"
549,해물김치찌개,60.0,2,"마늘, 대파, 양파, 다시마, 멸치, 물",참기름,"주꾸미, 김치, 무, 두부, 배즙, 팽이버섯"
550,쑥갓부대찌개,60.0,2,"청양고추, 다시마, 물, 다진마늘","설탕, 고춧가루, 고추장","통조림, 애호박, 두부, 팽이버섯, 김치, 쑥갓"
551,들깨순두부찌개,30.0,1,"물, 다시마 *, 국물용, 양파, 대파, 들깨가루, 물 -, 다진마늘",국간장,"순두부, 버섯 -, 찹쌀가루"
552,토마토스프파스타,60.0,2,"다진양파, 다진마늘, 먹물, 치즈, 양파",함초소금,"홀토마토, 토마토, 파슬리가루, 올리브오일, 가지, 파프리카, 애호박"
553,삼겹살꼬치구이,30.0,1,"대파, 마늘, 다진마늘, 물","간장, 굴소스, 꿀또는, 후추톡톡","삼겹살, 허브맛솔트"
554,까르보나라뇨끼,30.0,1,"양파, 계란, 다진마늘, 슬라이스치즈",허브솔트톡톡,"떡볶이떡, 베이컨, 브로컬리조금, 우유"
555,호박죽,60.0,1,물,"꿀, 소금","늙은호박, 불린찹쌀"
556,고추김치,15.0,1,"부추, 다진마늘","액젓, 고춧가루","미인, 새우젓, 생수"
557,누룽닭,60.0,2,"생강즙, 당근, 양파, 튀김기름, 육수, 녹말가루, 마늘",소금,"닭가슴살, 정종, 시금치, 샐러리, 파프리카, 느타리, 주꾸미, 새우, 청경채, 누룽지, 저염, 후춧가루"
558,광어스테이크,30.0,2,"밀가루, 식용유, 버터, 다진마늘, 다진마늘, 통깨","소금, 후추, 마요네즈 ~, 꿀, 맛간장, 소금조금, 후추조금","냉동광어, 레몬즙, 파슬리가루, 어린잎채소, 토마토, 견과류, 우유, 레몬청, 올리브오일"
559,코코넛밀크카레,60.0,2,"당근, 양파, 버터, 물",소금,"두부, 코코넛밀크, 브로컬리, 돼지고기, 감자, 카레가루"
560,소고기리조또롤,60.0,2,"버터, 마늘, 양파, 육수",소금,"쌀, 강황가루, 새송이, 파프리카, 소고기, 후춧가루, 하얀, 생크림"
561,둥지튀김,60.0,2,"달걀, 밀가루, 전분","소금, 설탕","닭고기, 레몬, 통계피, 감자, 어린잎, 메추리알, 후춧가루"
562,유자삼치구이,60.0,2,"녹말, 식용유, 생강",소금,"삼치, 유자청, 레몬"
563,오징어순대,30.0,2,"밀가루, 달걀, 다진쪽파, 다진당근, 다진마늘","간장, 설탕, 소금, 참기름","오징어, 다진고기, 으깬두부, 다진표고버섯, 후춧가루"
564,연어차우더스프,60.0,2,"당근, 양파, 밀가루, 버터, 육수, 통마늘",통후추,"모시조개, 연어, 청피망, 감자, 월계수잎, 생크림"
565,콜라비오미자 물김치,60.0,2,"쪽파, 양파, 다시마",소금,"콜라비, 오미자, 무화과, 파프리카, 피망, 건새우"
566,표고버섯 감자찜,60.0,2,"당근, 양파, 홍고추, 녹말",,"표고버섯, 감자, 고수"
567,해물애호박 전병말이,60.0,3,"당근, 밀가루, 식용유","식초, 설탕, 소금","새우, 오징어, 애호박, 깻잎, 대추, 찹쌀가루, 저염"
568,감자느타리버섯국,60.0,2,"물, 국멸치, 홍고추, 건다시마",소금,"감자, 느타리버섯, 두부, 파, 다진"
569,민어매운탕,30.0,1,"청고추, 홍고추, 대파, 마늘, 생강즙","된장, 고춧가루, 후추, 소금","민어, 무, 두부"
570,양배추롤,60.0,1,"물, 대파, 부추, 당근, 다진마늘","토마토소스, 소금, 후추","양배추, 토마토, 새송이버섯, 두부, 다진, 맛술"
571,퀴노아닭가슴살샐러드,60.0,2,"양파, 리코타치즈",,"수박껍질, 토마토, 닭가슴살, 감자, 가지, 피망, 아스파라거스, 퀴노아, 양상추, 플레인요구르트, 어린잎채소, 복분자, 레몬즙"
572,삼겹살라면,20.0,1,"대파, 다진마늘",고춧가루,"라면, 삼겹살, 숙주, 깻잎"
573,파인애플볶음밥,15.0,1,"계란, 대파, 양파",굴소스,"즉석밥, 햄, 파인애플"
574,연근초무침,30.0,1,"물, 갈은깨","식초, 식초, 간장, 올리고당, 참기름","​연근, 매실청"
575,해물들깨탕,60.0,2,"양파, 청고추, 홍고추, 달걀, 다진마늘, 다진대파, 거피들깨가루",청주,"주꾸미, 전복, 칵테일새우, 저염"
576,참외깍두기,30.0,1,,"액젓, 고춧가루, 간장","참외, 매실청, 절임용"
577,코다리맑은탕,60.0,1,"대파, 다진마늘, 청양고추, 코인육수, 물",,"코다리, 무, 알배추, 새송이버섯, 팽이버섯, 미나리, 소주, 새우젓"
578,세가지샐러드,30.0,1,통깨조금,"간장, 소금","가지, 닭가슴살, 파프리카, 새싹채소, 올리브유, 다진, 후춧가루"
579,애호박들깨볶음,15.0,1,"양파, 들깨가루, 다진마늘",소금,애호박
580,고구마바나나샐러드,60.0,2,,,"고구마, 바나나, 요거트, 어린잎, 잣, 연유"
581,누룽지새우튀김,60.0,2,"달걀, 튀김기름","소금, 설탕, 식초","새우, 후춧가루, 튀김가루, 누룽지, 오렌지주스, 어린잎"
582,백김치주꾸미샐러드,60.0,2,"홍고추, 양파, 마늘","식초, 설탕, 꿀","백김치, 주꾸미, 파, 양상추, 어린잎, 저염, 레몬"
583,닭고기월남쌈,60.0,2,"양파, 당근, 녹말가루, 식용유","소금, 고춧가루, 설탕, 식초","닭고기살, 로즈마리, 후춧가루, 오이, 파프리카, 라이스페이퍼, 다진, 레몬즙"
584,양배추롤,60.0,1,"물, 대파, 부추, 당근, 다진마늘","토마토소스, 소금, 후추","양배추, 토마토, 새송이버섯, 두부, 다진, 맛술"
585,단호박소고기롤,60.0,2,밀가루,"설탕, 소금, 설탕, 식초, 소금","소고기, 저염, 다진, 파프리카, 오이, 적양배추, 사과, 팽이버섯, 무순, 단호박, 다진, 다진, 올리브오일"
586,생선카레튀김,60.0,2,"생강, 녹말가루, 밀가루, 달걀, 녹말가루","마요네즈, 설탕, 식초","생선살, 정종, 깻잎, 콩가루, 카레가루, 요구르트, 양상추"
587,주꾸미샐러드,30.0,1,"밀가루주꾸미, 참깨","간장 ~, 마요네즈, 참기름, 설탕 ~, 연겨자생략","주꾸미  ~, 어린잎채소, 레몬즙, 맛술, 올리브오일 ~, 후춧가루"
588,닭가슴살현미스테이크,60.0,2,튀김기름,토마토소스,"닭가슴살, 정종, 카레가루, 현미쌀, 생크림, 적양배추, 양배추"
589,삼겹선,60.0,2,"생강즙, 양파, 당근","소금, 설탕, 식초, 소금, 고춧가루","삼겹살, 정종, 후춧가루, 조, 쌀, 파프리카, 새송이버섯, 표고버섯, 깻잎, 파, 레몬, 매실액"
590,미니버섯탕수,60.0,2,"녹말가루, 달걀흰자, 튀김기름, 당근, 녹말가루, 물","소금, 설탕","미니, 저염, 홍초, 브로컬리, 오이, 홍파프리카, 노란파프리카"
591,연어오븐구이,60.0,2,"양파, 당근, 마늘, 버터",소금,"연어, 토마토, 파프리카, 청피망, 레몬, 후춧가루, 생크림, 화이트크림"
592,옥음밥,60.0,2,"당근, 양파, 마늘, 식용유",,"옥수수콘, 애호박, 새송이버섯, 라이스페이퍼, 저염, 쌀, 후춧가루"
593,원소병,60.0,2,녹말,꿀,"찹쌀가루, 치자, 오미자, 대추, 귤병, 유자청, 잣"
594,전복리조또,30.0,1,"양파, 버터","소금, 후추","전복, 말린, 우유, 파마산가루, 올리브유, 찬밥"
595,초계탕,90.0,1,"통마늘, 양파, 대파, 물, 양파, 당근","소금, 설탕, 식초, 진간장, 겨자, 식초, 설탕, 진간장, 소금","닭, 오이, 무, 국수또는, 간"
596,콩나물부추볶음,15.0,1,"콩나물, 부추, 마늘, 통깨","소금, 고춧가루, 조미료조금, 참기름",오일
597,콩비지포카치아 샌드위치,60.0,2,치즈,,"포카치아, 콩비지, 무장아찌, 토마토, 루꼴라, 올리브오일"
598,파프리카더덕소고기깻잎롤,60.0,2,"양파, 대파, 당근","꿀, 식초, 소금, 발사믹소스","소고기, 파프리카, 더덕, 깻잎, 파인애플, 아스파라거스, 레몬, 올리브오일, 후춧가루"
599,해물아란치니,30.0,1,"양파, 밀가루, 계란 ~, 빵가루, 식용유, 다진마늘, 깨","고추장, 고춧가루, 간장, 소금, 후추, 올리고당, 설탕, 참기름","밥, 주꾸미, 새우"
600,호박잎삼계,60.0,2,,소금,"닭고기, 인삼, 미나리, 대추, 찹쌀, 후춧가루"
601,대하마늘볶음밥,60.0,2,"당근, 양파, 청고추, 마늘, 생강, 식용유",,"대하, 쌀, 깻잎, 숙주, 대추, 파, 저염"
602,두부 카프리제,60.0,2,파마산치즈,"발사믹소스, 설탕, 소금","토마토, 두부, 레몬, 어린잎, 올리브오일"
603,미역볶음밥,15.0,1,"당근, 양파, 계란, 통깨",굴소스,"밥, 불린, 비엔나, 가지, 감자, 호박, 어린잎채소생략가능조금"
604,청국장볶음밥,10.0,1,"양파, 마늘",소금,"청국장, 밥, 애호박, 파프리카, 애느타리버섯, 매실액"
605,해물볶음밥,15.0,1,"양파, 마늘, 해물믹스, 대파, 청양고추혹은크러쉬드레드페퍼","굴소스, 간장, 설탕, 식초",밥
606,구운주먹밥,15.0,1,,"참기름, 진간장, 설탕, 올리고당","밥, 참치, 후리가케, 맛술"
607,연어주먹밥튀김,15.0,1,양파,"소금, 참기름","연어캔, 청피망, 홍피망, 밥"
608,족발수육,120.0,1,"양파, 대파, 다진마늘, 물","진간장, 물엿, 설탕","돼지고기, 월계수잎, 맛술"
609,함초떡갈비,60.0,2,"당근, 양파, 대파, 다진마늘, 통깨","참기름, 함초소금, 발사믹식초, 설탕, 흰후추","갈은, 갈은, 새송이버섯, 함초, 샐러리"
610,삼색소면,60.0,2,"쪽파, 청고추, 홍고추, 마늘, 다시마물","볶은소금, 청주","분홍색, 초록색, 흰색, 모시조개"
611,돼지수육맑은전골,60.0,2,"당근, 청양고추, 다진대파, 물, 다진마늘, 깨","된장, 통후추, 어간장, 겨자, 식초","통삼겹살, 팽이버섯, 배추, 청경채, 애호박, 숙주, 천연다시다"
612,채소비빔밥,30.0,1,"양파, 당근, 기름, 기름, 다진마늘, 다진대파, 고추가루, 통깨, 계란","소금, 후추, 고추장, 참기름","팽이, 애호박, 두부, 쌈채소, 밥"
613,열무김치파스타,60.0,2,"양파, 당근, 통깨, 청양고추, 청고추, 홍고추",들기름,"파스타면, 열무김치, 오이, 노란"
614,해초갈비찜,60.0,2,"양파, 청고추, 홍고추, 당근, 생강청, 다진마늘, 다진대파, 생강청, 통깨","청주, 맛간장, 후추, 올리고당, 참기름","소갈비, 마른, 감자, 대추, 메추리알"
615,버섯곤드레밥,60.0,2,"다진청고추, 다진홍고추, 다진마늘, 통깨, 다진대파","참기름, 된장, 참기름","쌀, 건, 느타리버섯, 두부"
616,함초소고기말이,60.0,2,"마늘, 홍고추, 양파, 마늘기름, 버섯마늘","맛간장, 연겨자","소고기, 함초, 무순, 노란색파프리카, 허브"
617,묵계밥,60.0,2,"검정깨묵, 계란, 콩나물, 마늘, 대파, 양파, 버섯마늘","맛간장, 흰후추","도토리묵, 올방개묵, 귀리, 닭가슴살"
618,근채류주먹밥,60.0,2,"청고추, 양파, 당근, 통깨, 마늘기름","맛간장, 참기름, 함초소금","우엉, 연근, 감자, 쌀, 오이"
619,단호박약식,60.0,3,물,"간장, 참기름, 설탕","찹쌀, 단호박, 대추, 밥, 호박씨, 해바라기씨, 건포도, 포도씨유, 계피가루"
620,삼색샌드위치,30.0,1,"식빵, 삶은달걀","소금, 마요네즈, 허니머스터드소스","슬라이스햄, 절인오이"
621,황태탕수육,60.0,2,"밀가루, 녹말가루, 달걀, 튀김기름, 양파, 당근, 녹말가루, 물","설탕, 식초","황태채, 찹쌀가루, 백련초가루, 치자가루, 뽕잎가루, 파프리카, 오이, 파인애플, 저염"
622,밥핫도그,15.0,1,"빵가루, 달걀, 피자치즈",,"밥, 소세지, 브로콜리, 케찹"
623,스테이크카나페,60.0,2,"양파, 마늘","소금, 발사믹소스, 설탕","소등심, 후춧가루, 로즈마리, 애호박, 가지, 파프리카, 토마토, 사과"
624,꽃밥,30.0,1,,"참기름, 청주, 고추장, 참기름","밥, 상추, 부순, 다진, 다진, 후춧가루, 시판"
625,버섯만두찜,60.0,2,"밀가루, 물, 식용유, 양파, 마늘","소금, 소금","시금치, 호박, 백년초, 양송이버섯, 새송이버섯, 표고버섯, 두부, 새우, 우유, 생크림"
626,떡갈비주먹밥,20.0,1,,참기름,"떡갈비, 밥, 조미김, 후리가케"
627,홍합죽,30.0,1,"당근, 양파, 물, 다시마","소금, 참기름","건홍합, 밥, 애호박, 야채"
628,조개크림파스타,20.0,1,"마늘, 양파","소금, 후추","링귀니면, 새우, 모시조개, 생크림, 화이트와인, 면수또는, 올리브유"
629,닭날개튀김,60.0,1,"감자전분, 물, 다시마 *, 다진마늘","간장, 굴소스, 설탕, 청주, 핫소스","닭날개, 우유"
630,해산물리조또,30.0,2,"양파, 마늘, 물, 고추가루","토마토or토마토소스, 소금, 통후추","쌀, 감자, 파프리카, 새우, 버섯조금, 콘조금, 맥주, 야채가루Maggi, 파프리카가루"
631,떡완자조림,60.0,2,"양파, 당근, 마늘, 대파, 식용유, 통깨","올리고당, 참기름","다진, 다진, 매실액, 맛술, 새송이버섯, 떡볶이떡, 저염, 후춧가루"
632,닭고기채소스파게티,60.0,2,"당근, 양파, 다진마늘, 육수","토마토소스, 케첩","닭고기살, 후춧가루, 스파게티, 올리브유, 브로컬리, 양송이, 표고버섯, 파프리카, 토마토, 토마토페이스트, 생크림"
633,삼계선,30.0,2,"마늘, 생강","소금, 깨소금","닭가슴살, 대추, 수삼, 파"
634,떡갈비찜,20.0,1,"대파, 다진마늘","진간장, 설탕, 물엿","떡갈비, 표고버섯, 무, 대추, 은행, 파프리카, 후춧가루, 맛술"
635,차돌박이볶음,15.0,1,"양파, 쪽파, 대파, 계란, 마늘, 다진마늘","굴소스, 간장, 설탕, 후추조금","차돌박이, 우동사리, 숙주"
636,토마토오리볶음,60.0,2,"양파, 부추, 식용유, 다진마늘, 양파, 풋고추, 다진마늘","고추장, 물엿","오리고기, 가지, 파프리카, 새송이버섯, 브로콜리, 방울토마토, 후춧가루, 맛술, 토마토"
637,함초타락죽,60.0,2,"다진양파, 파마산치즈가루, 물",,"찹쌀, 우유, 함초, 크렌베리"
638,황태두부무국,60.0,2,"청고추, 홍고추, 쪽파, 대파뿌리","흰후추, 어간장","황태, 두부, 함초, 무"
639,삼합잡채,60.0,2,"양파, 청고추, 홍고추, 당근, 마늘기름또는, 다진마늘, 통깨","맛간장, 참기름","주꾸미, 바지락살, 소고기, 닭가슴살, 미나리, 배"
640,고등어카레탕수,60.0,2,"전분가루, 식용유, 양파, 물",꿀,"냉동, 우유, 카레가루, 감자, 애호박, 방울토마토, 사과"
641,효도강정,60.0,2,기름,"올리고당, 설탕","볶은, 볶은, 볶은, 혼합, 흑임자"
642,비트양파김치,60.0,2,"양파, 물, 절임물, 생강청, 청양고추","볶은소금, 식초, 식초",비트
643,관자브로콜리스프,60.0,2,"양파, 버터, 다진마늘, 마늘",흰후추,"관자, 브로콜리, 시금치, 생크림, 우유, 파마산가루"
644,곤약잡채,30.0,1,"양파, 물에, 물, 다진마늘","간장, 설탕","곤약, 파프리카, 브로컬리"
645,미역 닭가슴살전,60.0,2,"청양고추, 대파, 당근, 계란, 고추냉이, 통깨",식초,"닭가슴살, 미역, 두부, 저염, 레몬즙"
646,블루베리양갱,60.0,2,물,설탕,"백앙금, 블루베리, 한천"
647,장어찜,60.0,2,"양파, 청고추, 홍고추","후추, 맛간장","장어, 우유, 우엉, 인삼, 미나리, 팽이"
648,두부청국장죽,60.0,2,"당근, 버섯마늘, 다진마늘, 다진대파","참기름, 맛간장, 흰후추","청국장, 두부, 밥, 표고버섯, 애호박, 다진쇠고기, 흑임자"
649,망고샐러드,10.0,1,"다진양파, 고추씨매콤한맛을원하실경우","소금, 후추, 칠리소스, 피쉬소스, 소금, 후추","망고, 샐러드용, 고수생략가능, 방울토마토 ~, 닭가슴살, 올리브유, 레몬즙"
650,토마토젤리,60.0,2,,"올리고당, 설탕","토마토, 판젤라틴, 레몬즙, 블루베리"
651,샌드스테이크,60.0,2,"버터, 양파, 대파","소금, 굴소스","닭가슴살, 후춧가루, 느타리버섯, 시금치, 올리브오일, 베이컨, 카레가루, 생크림, 우유, 어린잎채소"
652,맥적구이,60.0,1,"간마늘, 다진대파","한된장, 꿀, 참기름, 청주, 후추가루조금","돼지고기, 매실청"
653,채소어묵,60.0,2,"생강, 밀가루, 양파, 당근, 마늘, 튀김기름",소금,"생선살, 맛술, 샐러리, 옥수수, 어린이"
654,주꾸미보리죽,60.0,2,"밀가루, 당근, 양파, 육수",참기름,"주꾸미, 보리, 미나리, 저염, 우유, 저염"
655,오렌지삼겹찜,60.0,2,튀김기름,"설탕, 와사비","삼겹살, 로즈마리, 고구마, 생크림, 감자, 브로컬리, 올리브오일, 오렌지, 정종, 저염"
656,소고기볼게살타르,60.0,2,"마늘, 양파, 빵가루, 버터, 식용유","소금, 마요네즈","다진, 파프리카, 후춧가루, 고구마, 바나나, 매실액, 게맛살, 어린잎, 브로컬리, 미니새송이"
657,수삼떡갈비,30.0,1,"생강즙, 물","간장, 꿀, 깨소금, 참기름, 간장, 물엿, 설탕","소고기, 수삼, 찹쌀가루, 잣가루, 대추, 맛술, 배즙, 다진, 다진, 다진, 잣가루, 후춧가루조금, 맛술"
658,삼색딤섬,60.0,2,"밀가루, 양파, 부추, 대파, 마늘, 통깨",참기름,"백년초, 뽕잎, 치자, 미나리, 두부, 오징어, 다진, 숙주, 후춧가루"
659,밥크로켓,20.0,1,"체다치즈, 달걀, 빵가루","소금, 후추","밥, 청피망, 홍피망, 슬라이스햄, 김, 쌀가루"
660,가지토마토구이,60.0,2,모짜렐라치즈,"소금, 토마토소스","가지, 올리브오일, 토마토, 토마토, 팽이버섯, 후춧가루"
661,함박스테이크,60.0,1,"양파, 버터, 빵가루, 달걀, 다진마늘, 물","케첩, 머스터드소스, 소금, 후추, 돈가스소스, 케첩, 소금, 후추","다진, 다진, 양송이, 올리브유"
662,냉파스타,15.0,1,"계란노른자, 통깨, 다진마늘",설탕취향껏,"건, 가쓰오쯔유, 김, 잔파, 아무튀김"
663,과일겉절이,60.0,2,"마늘, 식용유","설탕, 고춧가루, 식초, 설탕","사과, 배, 베이킹파우더, 바나나, 키위, 파인애플, 마, 저염"
664,버섯탕수,60.0,1,"식용유, 물, 물, 양파, 물","간장, 식초, 설탕","느타리버섯, 튀김가루, 튀김가루"
665,아보카도 연어샐러드,60.0,2,양파,,"훈제연어, 아보카도, 파프리카, 오렌지, 사워크림, 어린잎"
666,오렌지마리네이드 돼지고기,60.0,2,마늘,"꿀, 소금, 후추","돼지고기, 시금치, 양송이버섯, 파프리카, 오렌지, 레몬, 머스터드, 생크림, 우유, 올리브오일"
667,카레닭 룰라이드,60.0,2,"당근, 양파, 식용유",소금,"닭고기, 카레가루, 샐러리, 아스파라거스, 토마토, 감자, 생크림, 후춧가루"
668,세 가지곡물콩라미수,60.0,2,"달걀, 버터",설탕,"미숫가루, 통조림콩, 검은콩, 바나나, 흑임자, 우유, 애플민트"
669,크림치즈 망고무스,60.0,2,크림치즈,설탕,"망고퓨레, 라즈베리, 피스타치오, 요거트, 생크림, 판젤라틴, 레몬, 애플민트"
670,해산물 훈제연어롤,60.0,2,"당근, 양파","고추장, 식초, 설탕, 소금","훈제연어, 주꾸미, 소라, 완두콩, 샐러리, 파프리카, 오이"
671,감닭떡갈비,60.0,2,"양파, 달걀, 마늘, 식용유",소금,"닭고기, 감자, 찹쌀가루, 매실청, 후춧가루"
672,겨자아욱쌈밥,60.0,2,,"된장, 참기름","현미, 두부, 아욱, 날치알, 단호박, 새싹, 생크림, 매실청"
673,다마고도후,60.0,2,"달걀, 다시마, 물",,"요리술, 저염, 날치알, 건매생이, 무순"
674,단호박생채,60.0,2,"부추, 양파, 다시마, 마늘","까나리액젓, 고춧가루","단호박, 건새우, 매실액, 배"
675,닭가슴살 스테이크,30.0,1,"양파, 물, 다진마늘, 다진양파","스테이크소스, 올리고당","닭가슴살, 애호박소량, 양송이버섯, 케챱"
676,베이컨 가지 말이,15.0,1,,,"베이컨, 가지"
677,대구지리탕,30.0,2,"콩나물, 대파, 홍고추, 청양고추, 다진마늘, 생강, 멸치, 다시마",,"대구, 무우, 미나리, 표고버섯, 파뿌리, 천일염, 맛술"
678,효종갱,60.0,2,"양파, 마늘, 물",저염간장,"배추, 무, 느타리버섯, 쇠고기양지, 표고버섯, 전복"
679,백일송이버섯 볶음,5.0,1,"대파, 다진마늘, 당근","들기름, 굵은소금조금",향기송이버섯
680,땅콩소스 버섯가지나물,30.0,1,다진마늘,참기름,"가지, 새송이버섯, 표고버섯, 땅콩가루, 저염"
681,곤약함박스테이크,60.0,1,"양파, 버터, 빵가루, 달걀, 다진마늘, 물","케첩, 머스터드소스, 소금, 후추, 돈가스소스, 케첩, 소금, 후추","다진, 다진, 양송이, 올리브유"
682,호박 고구마 스프,5.0,1,,꿀,"찐단호박, 군고구마또는, 우유"
683,시금치 리조또,30.0,1,치즈,,"시금치, 우유, 밥"
684,북어비빔밥,5.0,1,"고추가루, 계란","고추장, 간장, 설탕, 올리고당, 참기름","참치캔, 밥, 상추, 김"
685,컵밥,5.0,1,"모짜렐라치즈, 달걀",스파게티소스,"밥, 비엔나세지"
686,두릅 샐러드,20.0,1,양파,"소금, 식초, 소금","두릅, 파프리카, 매실액, 후춧가루"
687,구운 바나나,20.0,1,"땅콩버터, 계란, 전분",소금,"또띠아, 바나나"
688,가지볶음밥,15.0,1,통깨솔솔,굴소스,"가지, 삼겹살, 카놀라유"
689,닭고기볶음밥,30.0,1,"양파, 쪽파, 계란","피쉬소스, 굴소스, 설탕","다진, 닭가슴살, 찬밥, 토마토, 오이, 고수취향껏"
690,토마토라면,10.0,1,"양파, 청양고추, 다진마늘",식초,"라면, 토마토취향껏"
691,김말이두부스테이크,60.0,2,"양파, 밀가루, 양파, 마늘, 버터","허브소금, 흰후추, 허브소금, 발사믹식초","두부, 김, 표고버섯, 새송이버섯, 다진쇠고기, 고구마, 단호박, 아스파라거스, 레드와인, 토마토, 올리브유"
692,연어롤샐러드,60.0,1,양파,"소금, 식초, 마요네즈","훈제연어, 크래미, 양상추, 플레인요구르트, 레몬즙"
693,비타민이유식,60.0,2,,설탕,"멜론, 브로콜리, 감자, 요거트"
694,한입꼬치구이,60.0,2,"대파, 건고추, 마늘기름, 다진마늘","어간장, 통후추, 올리고당, 후추","통삼겹살, 고구마, 미니파프리카, 청피망, 양송이, 로즈마리, 오렌지주스, 레몬즙"
695,간장곤약볶음국수,60.0,2,"다진생강, 다진양파, 버터, 다진양파","맛간장, 꿀","곤약면, 사과, 레몬즙, 흑임자, 플레인요거트, 그래놀라"
696,닭가슴살리조또,15.0,1,"양파, 당근",스파게티토마토소스,"밥, 닭가슴살, 감자, 버섯, 파, 우유"
697,녹차귀리라떼,60.0,2,"닭육수, 무염버터, 다진양파","흰후추, 소금","브로콜리, 귀리, 우유, 녹차가루, 아몬드슬라이스, 우유, 생크림"
698,한식풍닭가슴살스테이크,60.0,2,"다진마늘, 물, 다진양파, 검은깨, 다진마늘","맛간장, 고춧가루, 된장, 들기름","닭가슴살, 미나리, 쌀, 청경채, 무, 매실청"
699,강황고구마밥,60.0,2,"닭육수, 영양부추, 다진청고추, 다진홍고추, 다진양파",어간장,"쌀, 강황가루, 고구마"
700,두부달걀덮밥,10.0,1,"달걀, 쪽파, 참깨","소금, 후추, 참기름, 간장","연두부, 슬라이스, 밥"
701,봄나물밥,60.0,2,다시마,"고추장, 된장","현미, 멥쌀, 쑥갓, 달래, 두부"
702,닭가슴살카나페,10.0,1,,"연겨자, 참기름, 간장, 설탕","닭가슴살, 삶은, 슬라이스, 양배추조금, 오이, 다진"
703,차돌박이구이,30.0,1,"영양부추, 깐마늘, 양파, 대파, 고추가루, 다진마늘","고추장, 식초, 피쉬소스, 참기름, 깨소금","차돌박이, 매실청"
704,닭가슴살말이,60.0,1,"스트링치즈, 물",데리야끼소스,"닭가슴살, 고구마, 김치다진것, 케찹"
705,두부말이찜,30.0,1,"풋고추, 다진마늘, 밀가루, 다진마늘, 통깨","소금, 양조간장, 맛소금, 참기름, 양조간장, 참기름, 고춧가루기호","양배추, 두부, 빨강, 다진파, 후춧가루, 다진파, 매실액"
706,불고기덮밥,30.0,1,"대파, 양파, 쪽파, 당근, 물, 생강","간장, 설탕, 참기름, 후추","소고기, 표고버섯, 맛술, 간"
707,바비큐리조또,60.0,2,"물, 야채육수, 영양부추, 마늘","맛간장, 통후추, 발사믹식초, 흰후추","통삼겹살, 밥, 청국장, 감자, 올리브오일, 적양배추, 사과, 올리브오일"
708,크렌베리귀리밥,60.0,2,,,"백미, 크렌베리, 귀리"
709,블루베리냉스프,60.0,2,,꿀,"검은, 딸기, 블루베리, 저지방우유, 볶은, 바나나, 브로콜리, 라이스페이퍼, 건조"
710,브로콜리스프,30.0,1,"양파중간크기, 버터",,"브로콜리, 치킨스톡, 우유, 찹쌀가루, 후춧가루조금"
711,초계샐러드,60.0,2,"달걀, 참깨","식초, 연겨자, 설탕, 흰후추","닭가슴살, 오이, 피망, 파프리카, 시금치, 잣, 대추"
712,토마토맑은장국,60.0,2,닭육수,,"방울토마토, 시금치, 알배추, 팽이버섯, 일식"
713,매생이찰범벅,60.0,2,멸치육수,,"우유, 매생이, 찹쌀, 단호박, 밤, 녹차"
714,닭가슴살샌드스테이크,60.0,2,"양파, 닭육수, 다진마늘, 버터, 버터","흰후추, 꿀, 흰후추","닭가슴살, 시금치, 브로콜리, 양송이, 방울토마토, 올리브오일, 콜리플라워, 오렌지주스, 레몬즙"
715,치즈리조또,30.0,2,"양파, 아기치즈","소금, 후추","토마토홀, 닭가슴살"
716,가지말이샐러드,30.0,1,통깨조금,"간장, 소금","가지, 닭가슴살, 파프리카, 새싹채소, 올리브유, 다진, 후춧가루"
717,실곤약팟타야,60.0,2,"양파, 홍고추","굴소스, 액젓","실곤약, 소고기, 숙주, 청피망, 다진"
718,닭고기라이스롤,60.0,2,"당근, 양파, 식용유, 육수","소금, 케첩","닭고기, 우유, 후춧가루, 수수, 쌀, 파프리카, 애호박, 토마토, 다진"
719,깐풍파스타,60.0,2,"밀가루, 생강, 녹말가루, 달걀, 튀김기름","소금, 크림소스, 설탕","뽕잎가루, 백년초가루, 호박가루, 올리브오일, 닭고기, 정종, 후춧가루, 파프리카, 청피망, 깻잎"
720,닭강정,90.0,2,"전분, 식용유, 물, 식용유, 마늘, 물, 물, 다진마늘","소금, 후추, 고추장, 고춧가루, 케첩, 설탕, 간장, 물엿, 간장, 굴소스, 설탕, 물엿","닭고기, 튀김가루, 가래떡, 계피가루"
721,소고기꼬치구이,15.0,1,다진마늘,"간장, 설탕, 참기름","소고기, 요리당, 후춧가루, 다진파, 맛술"
722,황태볶음면,60.0,2,"양파, 마늘, 대파, 다시마, 생강즙","마요네즈, 설탕","황태, 새우, 오징어, 굵은, 표고버섯, 양배추, 라면, 숙주, 올리브오일, 저염"
723,토마토덮밥,10.0,1,양파,"소금, 후추","완숙, 밥, 올리브오일"
724,표고크림파스타,60.0,2,"밀가루, 버터",소금,"양송이버섯, 표고버섯, 후춧가루, 스파게티, 올리브오일, 우유, 생크림"
725,떡갈비통치미국수,60.0,2,"당근, 양파, 통깨, 식용유, 당근, 양파","식초, 설탕, 참기름, 설탕","동치미, 배, 다진, 오이, 후춧가루, 정종, 저염, 다진, 다진, 매실액, 국수, 오이, 후춧가루, 정종, 저염"
726,단호박크림파스타,30.0,1,"양파, 버터, 체다치즈","후추, 소금","단호박, 슬라이스, 스파게티, 우유, 생크림, 파마산, 파슬리가루"
727,견과편수,60.0,2,"밀가루, 부추, 양파, 다진대파",,"흑임자, 우유, 닭가슴살, 후춧가루, 다진, 마, 바나나, 머스터드, 캐슈넛, 잣, 우유"
728,바지락실곤약파스타,60.0,2,"마늘, 청양고추",소금,"바지락, 브로컬리, 파프리카, 올리브오일, 실곤약, 후춧가루, 어린잎"
729,황태리조또,60.0,1,"버터, 육수, 달걀, 통깨","소금, 참기름","두부, 홍합, 황태, 생크림"
730,깻잎애호박찜,60.0,2,양파,,"애호박, 깻잎, 피망, 파프리카, 저염, 매실액"
731,닭순대,60.0,2,"달걀, 부추, 밀가루, 당근","참기름, 소금","닭가슴살, 당면, 저염, 후춧가루"
732,도라지 유자청생채,60.0,2,"풋고추, 홍고추, 양파",소금,"도라지, 라임주스, 흑임자, 유자청"
733,두부스테이크,30.0,1,"계란, 양파, 당근, 대파, 전분","소금, 후추톡톡","두부, 팽이버섯, 돈까스"
734,들깨곤약수제비,60.0,2,"들깨가루, 사골육수, 마늘",식초,"곤약, 표고버섯, 새송이버섯"
735,버섯배추말이,60.0,2,다시마,"식초, 설탕, 소금","배추, 양배추, 표고버섯, 만송이, 미나리, 저염"
736,봄날의 연못,60.0,2,양파,,"문어, 오이, 배, 토마토, 유자청, 레몬, 올리브오일, 라임"
737,산나물 유부초밥,60.0,2,"취나물, 참나물, 곤드레나물","식초, 설탕, 소금","유부, 쌀, 토마토"
738,새우보리죽 고등어스테이크,60.0,2,생강,"설탕, 식초, 소금","고등어, 새우, 보리, 레몬, 막걸리, 비트"
739,잣소스새송이볶음,60.0,2,물,"소금, 꿀, 소금","새송이버섯, 빨간파프리카, 노란파프리카, 찹쌀가루, 올리브유, 잣, 우유"
740,과일겨자채,60.0,2,물,"연겨자, 사과식초, 꿀, 설탕","사과, 배, 밤, 대추, 곶감, 호두, 땅콩, 양상추, 연유, 배즙"
741,고구마라떼,15.0,1,,"소금, 꿀","군고구마, 우유 ~, 구운, 시나몬가루"
742,홍시곶감화채,60.0,2,물,꿀,"얼린, 곶감, 호두"
743,옥수수감자샐러드,30.0,1,"양파, 청양고추","굵은소금, 마요네즈, 홀스래디쉬소스, 후추, 바질드레싱","감자, 옥수수알, 크레송, 군옥수수"
744,홍합 쌀옹심이국,60.0,2,"달걀노른자, 양파, 국멸치, 홍고추, 청고추, 다시마, 물","국간장, 소금","쌀가루, 감자, 홍합살, 애호박, 다진, 다진, 현미유"
745,찬밥김치달걀찜,60.0,2,"달걀, 당근, 양파, 새우젓국물, 물",,"밥, 김장김치, 파"
746,꼬막떡꼬치구이,60.0,2,"양파, 통깨","고추장, 조청, 간장, 고춧가루, 참기름","꼬막, 떡볶이떡, 파, 현미유, 다진"
747,물파래콩전,60.0,2,"우리밀가루, 홍고추, 물, 통깨","간장, 식초","파래, 노란콩, 현미유, 파"
748,토마토김치,5.0,1,"양파, 부추, 통깨","고춧가루, 소금, 설탕, 멸치액젓",토마토
749,닭가슴살스튜,30.0,1,양파,"소금, 후추조금","닭가슴살, 방울토마토, 요플래, 파슬리, 바질가루"
750,전복내장밥,30.0,3,당근,참기름,"불린쌀, 찹쌀, 전복내장"
751,두부채소샐러드,5.0,1,"쪽파, 홍고추","양조간장, 설탕, 고춧가루, 참기름, 깨소금","연두부, 베이비, 다진"
752,연어허브스테이크,30.0,1,"물, 생강","후추, 진간장, 설탕, 물엿","연어슬라이스, 굵은, 맛술, 올리브, 맛술"
753,해물칼국수,30.0,1,,,
754,버섯리조또,30.0,1,양파,"소금, 후추, 간장","찬밥, 새송이버섯, 파프리카, 두유"
755,삼색소고기만두,60.0,2,"부추, 달걀, 당근, 들깨가루, 밀가루, 녹말가루, 양파, 다시마, 건멸치","소금, 참기름, 소금","애호박, 숙주, 두부, 소고기, 다진, 다진, 후춧가루, 시금치, 건새우"
756,콩가루비빔밥,60.0,2,"달걀, 당근, 식용유, 대파, 마늘","참기름, 소금, 소금, 참기름, 고추장","청포묵, 오이, 고사리, 표고버섯, 쌀밥, 소고기, 후춧가루, 콩가루, 다진"
757,단호박떡갈비,60.0,2,육수,"참기름, 설탕","단호박, 다진소고기, 다진, 다진, 다진, 저염, 후춧가루, 매실액, 찹쌀가루, 잣"
758,해산물누들볶음,60.0,2,"양파, 마늘",소금,"홍합, 조개, 표고버섯, 홍파프리카, 피망, 오징어, 칵테일새우, 스파게티, 올리브오일, 커리가루"
759,새우완자찜,60.0,1,"다진당근, 녹말가루","참기름, 소금조금, 후추가루조금","양배추, 중하 ~, 다진파, 다진깻잎, 맛술"
760,두부된장무침,60.0,2,,된장,"두부, 쌈채, 생크림"
761,귀리죽,60.0,2,물,,귀리
762,탕평채,30.0,1,"계란, 다진마늘","진간장, 참기름, 설탕조금, 깨소금, 소금조금, 깨소금, 참기름, 소금조금, 깨소금, 참기름","청포묵, 소고기불고기나, 미나리, 조미김 ~, 다진파, 후춧가루조금"
763,둥지튀김,60.0,2,"달걀, 밀가루, 전분","소금, 설탕","닭고기, 레몬, 통계피, 감자, 어린잎, 메추리알, 후춧가루"
764,들깨죽,30.0,1,"물, 들깨가루, 물",소금,밥
765,레몬크림콩다식,60.0,2,,"꿀, 설탕","콩가루, 레몬, 생크림, 레몬제스트"
766,머스터드튤립치킨,60.0,2,"양파, 마늘, 식용유","소금, 후추","닭날개, 어린잎, 파슬리, 머스터드, 레몬, 튀김가루"
767,머위향 통밀푸실리,60.0,2,"마늘, 양파",소금,"머윗대, 푸실리, 올리브오일, 생크림, 화이트와인"
768,미니함박스테이크,60.0,1,"양파, 버터, 빵가루, 달걀, 다진마늘, 물","케첩, 머스터드소스, 소금, 후추, 돈가스소스, 케첩, 소금, 후추","다진, 다진, 양송이, 올리브유"
769,바다완자탕,60.0,2,"다시마, 대파, 달걀, 전분, 홍고추, 풋고추",,"새우, 바지락, 무, 가쓰오부시"
770,삼계치킨,60.0,2,"마늘, 양파, 대파, 밀가루, 달걀, 식용유",소금,"닭가슴살, 인삼, 양송이버섯, 깻잎, 아스파라거스, 오렌지, 레몬, 생크림, 후춧가루"
771,새우완자탕,60.0,2,"달걀, 치킨육수, 전분, 물녹말",소금,"새우, 청경채, 후춧가루, 요리술"
772,아삭,15.0,1,"다진마늘, 통깨듬뿍","고춧가루, 멸치액젓, 설탕, 참기름, 소금살짝","봄동, 매실액"
773,연어비트 절임샐러드,60.0,2,양파,"설탕, 식초, 소금","연어, 비트, 오렌지, 새싹, 식용, 올리브오일"
774,가지나물냉국,60.0,2,"다시마국물, 통깨","국간장, 사과식초, 감식초, 소금","가지, 다진, 다진, 다진, 다진"
775,수삼매운닭찜,60.0,2,"물, 양파, 당근, 건고추, 대파","간장, 황설탕, 올리고당, 후추","토막, 수삼, 건표고버섯, 감자, 당면, 다진, 노두유"
776,수박즙돼지목심구이,60.0,2,,"후추, 간장, 설탕, 물엿, 후추","돼지고기, 올리브유, 수박, 다진"
777,깻잎단호박튀김,60.0,2,"물, 콩기름",꿀,"깻잎, 단호박, 호두, 찹쌀가루"
778,냉머위들깨나물,60.0,2,"쪽파, 물, 거피들깨가루","들기름, 국간장, 소금","머위대, 다진, 다진"
779,수박껍질풋고추볶음,60.0,2,"풋고추, 홍고추",소금,"수박, 포도씨유, 절임용"
780,우무오미자냉화채,60.0,2,물,올리고당,"오미자, 우무묵"
781,포도호두스무디,60.0,2,,,"얼린, 오미자액, 호상요구르트, 깐호두"
782,장어조림,30.0,2,"청양고추, 실파, 생강즙, 다진마늘","데리야끼소스, 간장, 올리고당, 후추","장어, 맛술"
783,통삼겹스테이크,20.0,1,삶은달걀,"머스터드소스, 소금, 후추, 마요네즈, 토마토소스","훈제, 샐러드, 딸기, 홀그레인머스터드, 꽃, 샐러드채소, 옥수수캔, 허브가루"
784,저염된장 삼치구이,60.0,2,"전분가루, 다진마늘, 청고추, 홍고추","일본된장, 청주","삼치, 치커리, 유자청"
785,미역전복죽,60.0,1,다시마물,"참기름, 소금","쌀, 꼬마전복, 불린미역"
786,훈제연어롤,30.0,1,양파,"마요네즈, 설탕, 후추톡","훈제연어, 노랑, 빨강, 오이, 오이피클, 레몬즙"
787,크림닭,60.0,2,"밀가루, 달걀, 빵가루, 튀김기름, 양파, 버터, 모짜렐라치즈","소금, 크림소스","닭가슴살, 우유, 후춧가루, 양송이버섯, 캐슈넛, 생크림, 어린잎, 파슬리가루"
788,등심채소롤,60.0,2,"치즈, 밀가루, 달걀, 빵가루, 튀김기름, 물녹말","소금, 칠리소스, 설탕","돼지등심, 후춧가루, 파프리카, 시금치, 파인애플"
789,유부완자탕,60.0,2,"양파, 당근, 마늘, 육수",,"유부, 두부, 새우, 배추, 표고버섯, 저염, 후춧가루, 미나리, 저염"
790,미니밥버거,60.0,2,"버터, 양파, 마늘, 빵가루, 치즈","소금, 마요네즈","찹쌀, 현미쌀, 올리브오일, 다진소고기, 생크림, 으깬, 후춧가루, 토마토"
791,파프리카볶음밥,15.0,1,"대파, 계란, 깨","굴소스, 참기름","밥, 파프리카"
792,삼겹살부추찜,60.0,2,"생강, 양파, 부추, 편마늘, 홍고추, 물, 생강, 녹말, 물","통후추, 된장, 설탕, 올리고당, 통후추","삼겹살, 월계수잎, 소주, 저염"
793,전복죽,60.0,1,"양파, 당근, 물","국간장, 소금, 참기름","전복 中, 밥, 양송이버섯"
794,오징어토마토초무침,60.0,2,"양파, 청고추, 홍고추, 대파, 당근, 통깨, 생강즙","소금, 고추장, 식초, 올리고당","오징어, 미나리, 토마토, 토마토"
795,들깨칼국수,15.0,1,다시마있으면 *,액젓,"칼국수, 표고버섯, 감자, 들깻가루, 다진"
796,소고기채소불고기,60.0,2,"양파, 당근, 대파, 청고추, 홍고추, 통깨, 다진마늘","올리고당, 참기름","소불고기, 배, 정종, 양배추, 깻잎, 표고버섯, 대추, 저염, 후춧가루"
797,숙주라면,5.0,1,"마늘, 숙주나물, 계란",,라면
798,곤약냉면,10.0,1,"냉면육수, 다진마늘","고추장, 간장, 고춧가루, 설탕, 식초, 겨자","실곤약, 다진"
799,과일갈비찜,60.0,2,"홍고추, 통깨, 양파, 당근","참기름, 올리고당, 설탕","돼지갈비, 배, 사과, 대추, 밤, 오이, 무, 저염, 다진, 다진, 다진, 후춧가루, 소주"
800,토마토소스닭갈비,60.0,2,"생강즙, 양파, 당근, 마늘","토마토소스, 고춧가루, 고추장","닭, 소주, 깻잎, 양배추, 고구마, 토마토, 매실청"
801,골뱅이과일무침,60.0,2,"통깨, 당근, 양파, 대파, 홍고추, 청고추, 생강즙","고추장, 고춧가루, 케첩, 설탕, 식초, 참기름","골뱅이, 양배추, 깻잎, 황도, 배, 사과, 바나나, 파인애플, 다진, 매실액"
802,리코타소스 연어샐러드,60.0,2,리코타치즈,소금,"연어, 토마토, 우유, 레몬, 파인애플, 아보카도, 오이, 오렌지, 어린잎"
803,망고자몽드레싱 해산물전체,60.0,2,당근,"설탕, 소금","관자, 새우, 방울토마토, 생크림, 파슬리, 오이, 단호박, 브로콜리, 감자, 망고, 레몬, 자몽"
804,머쉬룸 닭스테이크,60.0,2,"당근, 양파, 버터","소금, 발사믹소스","닭고기, 단호박, 미니, 새송이버섯, 느타리버섯, 후춧가루, 올리브오일"
805,배차와 주악,60.0,2,"밀가루, 생강","통후추, 꿀, 설탕","쌀가루, 막걸리, 배, 식용, 계피"
806,배추관자카나페,60.0,2,,"고추장, 설탕, 소금","관자, 배춧잎, 파프리카, 레몬, 매실액, 파슬리"
807,관자버터구이,30.0,1,"양파, 통마늘, 버터","후추, 미림, 허브솔트","조개관자, 파프리카"
808,식혜양갱과 수박증편,60.0,2,"엿기름, 밀가루, 버터",설탕,"밥, 미숫가루, 막걸리, 대추, 잣, 백련초, 찹쌀가루, 한천"
809,호박잎다슬기된장국,60.0,2,"부추, 달걀, 물, 국멸치, 건다시마",된장,"다슬기살, 호박잎, 파, 다진"
810,미숫가루 부추전,60.0,2,"부추, 당근, 양파, 물",소금,"부침가루, 미숫가루, 오징어, 감자, 현미유"
811,애호박장떡말이밥,60.0,2,"양파, 풋고추, 우리밀가루, 물","고추장, 참기름, 소금","밥, 애호박, 현미유, 흑임자"
812,봄나물주먹밥,60.0,2,"취나물, 통깨","참기름, 소금","쌀, 고사리, 빨강파프리카, 노랑파프리카, 다진"
813,달래두부김치무침,60.0,2,통깨,"설탕, 참기름, 고춧가루, 소금","두부, 달래, 배추김치, 홍피망, 다진, 다진"
814,딸기소스닭가슴살채소무침,60.0,2,,소금,"닭가슴살, 방울토마토, 양상추, 브로콜리, 적채, 노랑, 빨강, 호상요구르트, 딸기, 호두"
815,쑥호두달걀말이,60.0,2,"달걀, 당근",소금,"쑥, 호두, 현미유"
816,시래기리조또,60.0,2,"생강즙, 버터",된장,"불린, 밥, 다진, 포도씨유, 생크림"
817,꽃게살국,60.0,2,"건다시마, 물",된장,"꽃게, 양배추, 토마토, 파, 다진"
818,우엉들깨무침,30.0,1,"물, 다진마늘","들기름, 간장","우엉, 파, 들깻가루"
819,새우두부만두,60.0,2,"부추, 물","소금, 후추, 간장, 식초, 고춧가루","칵테일, 두부, 표고버섯, 만두피"
820,마마무스프,60.0,2,"대파, 양파, 육수, 버터",소금,"무, 마, 우유, 생크림, 시금치"
821,단호박리조또,30.0,1,"양파, 치즈 -, 육수, 버터",,"찬밥, 새우살, 대게살, 브로콜리, 고구마, 단호박, 양송이, 노랑, 우유"
822,토마토떡볶이,30.0,1,"육수또는, 통마늘, 양파","토마토소스, 고추장","떡볶이, 케찹, 새우, 삶은, 새송이버섯"
823,소고기채소볶음,20.0,1,"양파, 청고추, 마늘","소금, 후추","등심, 양송이, 애호박, 방울토마토"
824,양송이크림볶음밥,60.0,2,"양파, 당근, 버터, 육수, 치즈",소금,"닭고기살, 양송이, 떡볶이떡, 밥, 우유, 생크림"
825,해물우동볶음,15.0,1,"당근, 고추기름","참기름, 소금, 굴소스, 간장, 올리고당","오징어, 새우살, 피망, 숙주, 우동면, 밥"
826,단호박닭꼬치,60.0,2,"양파, 대파, 다진마늘, 다진양파","소금, 고추장, 케첩, 올리고당","닭다리살, 우유, 후춧가루, 떡볶이떡, 단호박"
827,떡갈비콩나물밥,15.0,1,"콩나물, 깨",참기름,"쌀, 시판, 김가루, 양념장"
828,크림치즈떡볶이,30.0,1,"마늘, 양파",,"라볶이, 감동란, 휘핑크림"
829,목살스테이크,60.0,1,"계란, 버터, 물","돈가스소스, 설탕, 굴소스","목살, 맛술"
830,치킨완자스프,60.0,2,"버터, 밀가루, 육수, 당근, 마늘, 양파","소금, 참기름","생크림, 브로컬리, 우유, 닭고기살, 대추, 표고버섯, 후춧가루"
831,단호박피자,60.0,1,"식빵, 모짜렐라치즈","스파게티소스 ~, 꿀","단호박, 우유 ~, 햄"
832,L..A갈비구이,60.0,1,"양파대, 생강술, 다진마늘","간장, 설탕, 참기름, 물엿, 후추","LA갈비, 배, 사과, 맛술"
833,닭고기파스타,60.0,2,"마늘, 양파, 버터, 모짜렐라치즈, 밀가루, 육수","소금, 토마토소스, 올리고당, 굴소스","양송이버섯, 스파게티, 올리브오일, 닭고기, 후춧가루, 토마토, 우유"
834,동글동글도넛,60.0,2,"양파, 달걀",소금,"소고기, 돼지고기, 토마토, 찹쌀가루, 순두부, 유자청, 후춧가루"
835,된장크림소스 잡곡 오므라이스,60.0,2,"양파, 부추, 마늘, 달걀, 전분",된장,"찹쌀, 보리, 율무, 은행, 팥, 대추, 호박, 홍피망, 청피망, 표고버섯, 로즈마리, 생크림"
836,두릅부추 소고기말이,60.0,2,"부추, 양파, 대파, 마늘",,"소고기, 두릅, 저염, 후춧가루"
837,두부 비빔호박쌈,60.0,2,당근,"올리고당, 고추장, 소금","두부, 쌀, 강황쌀, 애호박, 숙주, 고사리, 호박잎, 파인애플, 저염"
838,두부곤약파스타,60.0,2,양파,"설탕, 식초","곤약, 두부, 배, 파프리카, 양배추, 적양배추, 토마토, 저염"
839,라따뚜이,60.0,1,"눈꽃치즈, 양파",스파게티소스,"호박, 가지, 토마토 ~, 월계수잎, 바질조금"
840,라이스페이퍼 야채롤,60.0,2,양파,,"새우, 파프리카, 베이컨, 아스파라거스, 라이스페이퍼, 깻잎, 땅콩, 블루베리"
841,새송이등갈비,60.0,2,"당근, 대파, 양파, 마늘",올리고당,"돼지고기등갈비, 새송이버섯, 저염, 후춧가루"
842,소안심 야채 호박잎쌈,60.0,2,"양파, 다시마","고추장, 설탕, 식초","호박잎, 적채, 파프리카, 오이, 소고기안심, 두부, 후춧가루"
843,양배추 고기말이,30.0,1,,"간장, 청주","양배추, 쇠고기, 김치, 새송이버섯, 빨강파프리카, 후춧가루"
844,양배추 쌈말이,30.0,1,물,"식초, 설탕","양배추, 깻잎, 토마토, 주황, 노랑, 새우살, 연두순"
845,연어샐러드,10.0,1,양파,마요네즈,"야채, 연어, 레몬청, 요거트"
846,오렌지 드레싱 타다키 부추샐러드,60.0,2,"양파, 부추",소금,"오렌지, 소고기등심, 레몬, 양배추, 견과류, 후춧가루"
847,배추토란국,60.0,2,"대파, 물, 물","고춧가루, 된장, 참기름, 소금","토란, 쇠고기, 배추, 다진"
848,갈치고추장구이,30.0,1,"밀가루, 식용유적당히, 썬대파, 다진마늘, 생강술","고추장, 설탕, 간장, 참기름, 후추","갈치, 맥주, 맛술"
849,단호박푸딩,90.0,2,"계란, 찬물","설탕, 바닐라설탕, 설탕","우유, 생크림, 단호박"
850,고등어된장구이,60.0,1,"대파조금, 쌀뜨물, 다진마늘, 생강가루조금, 통깨","된장, 올리고당","자반고등어, 맛술"
851,낙지브로콜리볶음,60.0,2,"밀가루, 양파, 마늘",소금,"낙지, 브로콜리, 방울토마토, 올리브유"
852,주꾸미돌나물무침,60.0,1,"양파, 돌나물, 대파, 고추가루, 마늘, 통깨","간장, 식초, 설탕, 참기름","주꾸미, 오이, 깻잎, 파프리카, 주꾸미"
853,사과소스폭찹,60.0,2,"양파, 물, 버터","소금, 후추","돼지고기, 올리브유, 사과, 토마토, 올리브유, 레몬즙"
854,건도토리묵버섯들깨국,60.0,2,"들깨가루, 국멸치, 건다시마, 물","국간장, 소금","건조, 표고버섯, 느타리버섯, 파, 다진"
855,무대하무침,60.0,2,통깨,"고춧가루, 간장, 설탕, 참기름","무, 새우, 파, 다진"
856,간편조기찜,60.0,2,"양파, 홍고추, 청고추, 통깨, 물","국간장, 참기름","조기, 고사리, 다진, 다진"
857,표고버섯쇠고기찜,30.0,1,"양파, 고추잘게   ~, 다진마늘, 고추가루","설탕, 깨소금, 참기름, 간장","마른표고버섯, 갈은, 다진파, 파잘게"
858,연근배추홍시샐러드,60.0,2,물,소금,"연근, 배추, 사과, 배, 땅콩, 호두, 현미유, 홍시, 호상요구르트"
859,열무곤약국수,60.0,2,"양파, 계란, 당근, 통깨",,"열무김치, 실곤약, 오이, 레몬"
860,장어구이,30.0,1,"다진마늘, 생강술","고춧가루, 간장, 설탕, 올리고당, 청주","장어, 매실액, 후춧가루"
861,안심스테이크,15.0,2,"양파, 통마늘, 버터","소금, 후추","소안심, 그린빈, 로즈마리, 오레가노, 파프리카 ~, 올리브유"
862,로제파스타,10.0,1,"마늘, 양파, 체다치즈, 슬라이스치즈","청주, 토마토소스, 소금, 후추","파스타면, 칵테일새우or, 생크림"
863,가지라따뚜이,60.0,2,"양파, 치즈가루",,"가지, 피망, 파프리카, 토마토페이스트, 애호박, 바질잎, 올리브오일"
864,베이컨밀푀유,60.0,2,채소육수,"맛간장, 멸치간장또는, 와사비, 칠리소스, 올리고당","베이컨, 배춧잎, 깻잎, 무, 숙주, 청경채, 백일송이, 레몬즙, 레몬즙"
865,실곤약냉파스타,60.0,2,"파마산치즈가루, 마늘오일",,"실곤약, 칵테일새우, 브로콜리, 바질, 레몬즙, 바질페스토, 드라이"
866,명란프리타타,60.0,2,"달걀, 식용유",백후추,"명란젓, 생크림, 시금치, 방울토마토, 올리브유"
867,연어스테이크,30.0,2,"마늘, 다진양파","소금, 후추, 마요네즈, 꿀, 소금, 후추","생연어, 아스파라거스, 다진, 레몬즙, 플레인요구르트선택"
868,매운닭날개구이,60.0,2,"마늘, 양파, 버터, 멕시코고추","후추, 황설탕, 고춧가루","닭날개, 감자, 토마토, 사과, 브로콜리, 레드와인"
869,웰빙카레죽,60.0,2,"양파, 마늘, 버터, 물",,"카레가루, 귀리, 닭가슴살, 애호박, 감자, 방울토마토, 칵테일새우"
870,닭가슴살 두부선,60.0,2,마늘,"참기름, 식초, 설탕, 소금","닭가슴살, 두부, 비트, 시금치, 베이비채소, 흑임자, 플레인"
871,단호박 마전,60.0,2,"밀가루, 물, 식용유",소금,"단호박, 마, 찹쌀가루, 건대추"
872,무오색쌈,60.0,2,"달걀, 당근, 깐마늘, 통깨","연겨자, 진간장, 식초, 참기름, 설탕, 소금","쌈무, 쇠고기, 표고버섯, 오이"
873,흑마늘견과류조림,60.0,2,"통마늘, 식용유, 흑마늘진액, 깨","간장, 물엿","마카다미아, 호두, 아몬드, 캐슈넛, 땅콩"
874,고구마 찰 빵,60.0,2,,,
875,유린기,60.0,2,"달걀, 빵가루, 대파, 다진마늘, 다진양파, 청고추, 홍고추","간장, 식초, 설탕","닭가슴살, 우리, 포도씨유, 양상추, 무순"
876,미숫가루 스콘,60.0,1,"계란, 통깨, 버터","설탕, 소금","중력분, 미숫가루, 베이킹파우더, 우유, 호두"
877,고구마 공갈빵,60.0,2,"밀가루강력분, 버터, 물",소금,"이스트, 고구마무스"
878,검은콩 크림빵,60.0,2,"밀가루강력분, 물, 호밀가루, 계란",소금,"이스트, 검은콩, 올리브유, 호두, 크랜베리, 검은콩, 우유"
879,단호박 양파잼 샌드위치,60.0,2,"양파, 삶은달걀, 식빵","꿀, 소금","미니단호박, 우유, 슬라이스, 건자두, 청상추, 아몬드슬라이스, 화이트와인, 후춧가루"
880,코울슬로샐러드,30.0,1,,"식초, 설탕, 소금, 마요네즈 ~, 식초, 설탕, 소금, 후추","양배추, 파프리카, 캔옥수수"
881,마들깨미역국,15.0,1,"들깨가루, 다진마늘","들기름, 국간장, 소금",불린미역
882,바지락맑은국,60.0,2,"홍고추, 다시마, 청양고추, 대파, 물",,"바지락, 팽이버섯, 쑥갓, 무"
883,포니언 스프,60.0,2,"양파, 버터",소금,"감자, 우유, 시판, 파슬리가루, 후춧가루"
884,가지 탕수육,30.0,1,"양파, 녹말물","소금, 간장","가지, 튀김가루, 매실청, 생수"
885,두부샐러드 메밀김밥,60.0,2,"양파, 당근, 달걀지단","참기름, 간장","메밀면, 오이, 족발, 양배추, 사과, 깻잎, 리코타, 연두부, 다진, 김"
886,매운락교무침,30.0,1,"쪽파, 마늘, 참깨","고춧가루, 설탕, 참기름",락교
887,채소초밥,20.0,1,"달걀, 고추냉이",사과식초,"밥, 채소 ~, 연두, 비정제, 핑크"
888,새뱅이찌개,60.0,2,"물, 다시마, 양파, 밀가루, 청양고추, 마늘","고춧가루, 고추장, 소금, 간장","새뱅이, 호박, 무, 파, 쑥갓"
889,황태미역국,60.0,1,다진마늘,"들기름, 국간장, 후추, 소금","황태, 불린미역"
890,홍시잼 식빵,60.0,2,"밀가루강력분, 달걀",소금,"인스턴트, 우유, 포도씨유, 홍시, 레몬즙"
891,콩가루 소보로,60.0,2,"밀가루강력분, 달걀, 달걀, 버터",소금,"날콩가루, 따뜻한우유, 이스트, 코코넛, 박력쌀가루, 볶은, 베이킹파우더, 우유, 크랜베리, 아몬드"
892,곤약 가스,60.0,2,"채소육수, 통밀가루, 간마늘, 식용유","미림, 간장, 설탕, 발사믹식초","냉동, 채, 납작, 아몬드, 땅콩, 토마토페이스트"
893,두부크림 관자뇨키,60.0,2,"양파, 청양고추, 다진마늘, 그라나파다노치즈, 식용유, 물",,"관자, 새우, 모시조개, 두부, 우유, 생크림, 후춧가루, 바질"
894,토마토 해물누룽지탕,60.0,2,"청양고추, 양파, 대파, 식용유, 물","간장, 고춧가루, 후추","알배추, 소고기, 깻잎, 청경채, 팽이버섯, 표고버섯, 숙주, 오징어, 새우, 홍합, 베트남, 토마토, 편, 시판, 토마토, 다시팩"
895,삼색 브레드 스틱,60.0,2,"밀가루강력분, 버터, 식용유, 당근, 참나물, 물",소금,"드라이이스트, 연근, 견과류"
896,단호박 양고기볶음,60.0,2,"양파, 마늘 -",,"콜리플라워, 고구마, 양고기부채살, 단호박, 올리브유, 바질럽드, 바질페스토, 홀그레인, 다진"
897,채소 프리타타,30.0,1,"달걀, 양파, 모짜렐라치즈",소금,"햄, 파프리카, 애호박, 로즈마리, 바질, 타임, 파마산, 후춧가루"
898,고등어 라따뚜이 파스타,60.0,2,"대파, 청양고추, 식용유, 물",,"고등어, 시래기, 무, 양념장, 토마토홀, 가지, 애호박, 표고버섯, 두부면, 가다랑어포, 바질"
899,초코치즈크림케이크,60.0,2,"달걀, 땅콩버터","식초, 소금","우유, 알룰로스, 아몬드가루, 무가당, 알룰로스, 두유, 바나나, 두유, 무가당"
900,배추겉절이,60.0,1,"부추, 양파, 고추가루, 다진마늘","멸치액젓, 설탕","알배추, 새우젓"
901,홍시에이드,60.0,2,,,"홍시, 배, 탄산수, 사이다"
902,낙지묵은지콩나물국,60.0,2,"콩나물, 대파, 마늘, 국멸치, 식용유, 쌀뜨물","간장, 고춧가루","낙지, 묵은지, 무"
903,자색고구마 버터크림 빵,60.0,2,"밀가루강력분, 밀가루박력분, 달걀, 무염버터, 물, 밀가루박력분, 버터, 물",소금,"이스트, 바나나, 밤고구마, 삶은, 바나나슬라이스, 삶은, 삶은"
904,치아바타 피자빵,10.0,1,모짜렐라치즈,,"치아바타, 토마토페스토"
905,코코넛워터 토마토카레,60.0,2,"양파, 당근, 물","올리고당, 소금","감자, 닭가슴살, 토마토, 코코넛워터, 우유, 현미밥, 올리브유, 후춧가루, 카레가루, 파슬리가루, 그릭요거트"
906,치즈 단호박,60.0,2,"달걀, 모차렐라치즈, 그라나파다노치즈",꿀,"단호박, 맛술, 우유, 아몬드, 파슬리가루"
907,깻잎 쌈두부 라자냐,60.0,2,"양파, 식용유","소금, 후추","쌈, 소고기, 숙주, 청경채, 배추, 당면, 쌈, 모차렐라, 깻잎, 완숙, 소고기, 화이트, 오레가노, 월계수, 다진"
908,참깨가지말이밥,60.0,2,"양파, 참깨",,"현미밥, 가지, 방울토마토, 파프리카, 토마토페이스트, 큐민가루, 올리브유, 요거트, 다진"
909,참나물페스토 파스타,30.0,1,"참나물약, 물약, 물","소금, 소금","견과류선호하는, 올리브유, 뉴트리셔널, 파스타"
910,카레삼겹살 파니니,30.0,2,"양파, 대파, 마늘","간장, 꿀, 고운고춧가루, 꿀","방울토마토, 아보카도, 로메인, 미나리, 대패삼겹살, 치아바타, 올리브유, 후춧가루, 카레가루, 플레인"
911,낙전새 카레볶음밥,60.0,2,"양파, 대파, 마늘","후추, 굴소스","백미, 잡곡, 콩, 전복, 낙지, 칵테일새우, 브로콜리, 강황가루, 올리브유, 파슬리가루"
912,토마토 채소 계란찜,60.0,2,"양파, 계란, 파마산치즈, 마늘",후추,"방울토마토, 브로콜리, 그린빈스, 생크림"
913,배 깍두기,15.0,1,"실파, 생강가루, 마늘, 통깨","고춧가루, 액젓, 소금, 설탕","배, 매실청"
914,바지락가자미완탕국,60.0,2,"양파, 대파, 전분, 마늘, 물, 청고추, 홍고추",후추,"가자미, 두부, 바지락, 무우, 쑥갓, 팽이버섯"
915,저염보쌈김치,90.0,2,"당근, 깐양파, 깐마늘, 국멸치, 물","황설탕, 멸치액젓, 고춧가루, 소금","배추, 배, 대추, 깐밤, 무, 미나리, 파프리카, 잣, 깐, 건표고버섯"
916,새우게살 파프리카롤,60.0,2,파르메산치즈,올리고당,"크레미, 냉동, 빨강파프리카, 주황파프리카, 노랑파프리카, 냉동, 블랙올리브, 그린올리브, 다진, 다진, 후춧가루, 홀그레인, 요플레"
917,방아잎 닭고기말이,60.0,3,"파르메산치즈, 마늘, 물, 양파, 마늘, 대파, 파르메산치즈","맛간장, 간장","아스파라거스, 닭다리살, 방울토마토, 방아잎, 레몬즙, 잣, 올리브유, 사과, 플레인요거트, 레몬즙, 무가당, 스테이크시즈닝, 파슬리가루"
918,새우 카레 빠에야,60.0,2,"양파, 다시마, 물, 다진마늘",,"토마토, 새우, 쌀, 카레가루, 황태머리, 파슬리가루, 후춧가루"
919,오징어 가라아게&칠리소스,60.0,2,"대파, 마늘, 달걀노른자, 밀가루, 식용유, 전분","고춧가루, 식초, 설탕","오징어, 토마토"
920,토마토 채소 가지롤,60.0,2,"양파, 청양고추, 마늘","소금, 후추","순두부, 팽이버섯, 애호박, 파, 느타리버섯, 차돌박이, 토마토, 가지, 올리브유, 레몬즙"
921,토마토시금치 닭볶음탕,60.0,2,"양파, 물","고추장, 고춧가루, 진간장","닭다리살, 닭안심살, 토마토, 방울토마토, 시금치, 감자, 스파게티면건면, 다진, 알룰로스"
922,콜라비 깍두기,15.0,1,다진마늘,"고춧가루, 멸치액젓, 소금","콜라비, 매실액"
923,비타 오이 물김치,60.0,2,"홍고추, 당근, 물","식초, 고춧가루, 설탕","오이, 무, 파프리카, 미나리, 배"
924,감자미역국,15.0,1,,,"불린미역, 감자"
925,청경채 김치,30.0,1,"풋마늘, 대파, 다진마늘","액젓, 설탕, 고춧가루","청경채, 매실"
926,두부 새우볼,60.0,2,"양파, 생강가루, 식용유, 버터, 밀가루",소금,"두부, 냉동, 새송이버섯, 후춧가루, 파슬리가루, 우유"
927,라이스페이퍼 수제소시지,60.0,2,"다진양파, 다진마늘",,"다진, 사각, 새우젓, 저염, 버섯가루, 스테비아, 찹쌀가루, 후춧가루, 훈제, 케이엔페퍼, 커민"
928,치즈토마토 가지구이,60.0,2,"양파, 다진마늘",,"새송이버섯, 토마토 ~, 가지, 돼지고기, 슈레드, 올리브유, 쌈장, 파프리카가루, 바질잎 ~"
929,묵은지 밀푀유나베,30.0,1,"물, 멸치, 다시마, 다진양파","간장조금, 간장, 식초, 설탕","한우, 알배추, 깻잎, 청경채, 백만송이버섯, 팽이버섯, 표고버섯, 무, 건새우, 시판용, 맛술, 매실청"
930,미옹 카레,60.0,2,"양파, 식용유, 물",,"커리, 새우튀김, 컬리플라워, 감자튀김, 감자, 불린"
931,곤약 감자조림,30.0,1,"당근, 양파, 다시마, 마늘, 식용유","진간장, 설탕, 올리고당, 참기름","감자, 곤약"
932,배추된장국,10.0,1,"대파 -, 다진마늘, 멸치다시육수","된장, 고춧가루",알배추
933,한우굴라쉬,60.0,2,"양파, 마늘, 밀가루, 버터, 물","케첩, 소금, 후추","쇠고기등심, 감자, 파프리카, 토마토, 토마토페이스트, 올리브유, 월계수잎"
934,밀푀유 채소 웰링턴,60.0,2,"다시마, 마늘, 양파, 들깨가루, 전분, 물","머스타드, 간장, 소금, 후추","배추, 소고기, 숙주, 청경채, 표고버섯, 새송이버섯, 백, 깻잎, 두부, 토마토, 우유, 올리브유, 로즈메리"
935,참나물 매콤함박스테이크,60.0,1,"양파, 버터, 빵가루, 달걀, 다진마늘, 물","케첩, 머스터드소스, 소금, 후추, 돈가스소스, 케첩, 소금, 후추","다진, 다진, 양송이, 올리브유"
936,콜리플라워미역국,60.0,2,"물, 양파, 물",,"콜리플라워, 건미역, 디포리, 무, 저염, 건표고버섯, 건새우"
937,구기자모듬장조림,60.0,2,"당근, 양파, 다시마, 마늘",,"돼지고기, 메추리알, 곤약, 구기자, 파, 표고버섯, 저염"
938,메밀면 샐러드,60.0,2,당근,"식초, 간장, 올리고당","양상추, 방울토마토, 닭가슴살, 메밀면, 어린잎채소, 올리브유, 다진, 유자청"
939,치즈 두부 튀김,60.0,2,"빵가루, 모차렐라치즈, 식용유",,"고구마, 호두, 우유, 두부"
940,단호박 라타투이,60.0,2,마늘,소금,"가지, 주키니호박, 토마토, 단호박, 훈제오리, 다진, 다진, 다진, 올리브유, 후춧가루"
941,느타리버섯볶음,15.0,1,"당근, 양파, 다진마늘","간장, 소금조금, 참기름",느타리
942,오리들깨 겨자소스 초무침,30.0,1,"쪽파, 들깨가루","멸치액젓, 들기름","느타리버섯, 표고버섯, 비정제"
943,닭고기 바비큐,30.0,1,식빵,"허브솔트, 꿀, 바베큐소스 ~, 식초, 꿀, 소금, 후추조금","닭고기안심살, 베이비채소, 파프리카조금, 올리브유, 머스터드, 올리브오일, 오렌지쥬스"
944,닭고기 편육,60.0,2,"식용유, 건홍고추, 대파","간장, 설탕, 꿀, 참기름","닭가슴살, 요구르트, 후춧가루, 정종"
945,돼지고기 찹쌀부침,60.0,2,"다진마늘, 대파, 물, 홍고추, 통마늘","간장, 물엿, 된장","돼지고기, 젖은, 후춧가루, 무순, 레디쉬, 깻잎, 파인애플"
946,등심 배구이,60.0,2,식용유,"간장, 식초, 설탕, 와사비","쇠고기등심, 배, 오이, 잣가루, 포도주, 후춧가루, 사과주스"
947,쇠고기 감자찜,60.0,2,"육수, 녹말가루, 마늘, 청고추, 홍고추","간장, 설탕, 깨소금, 참기름","알감자, 쇠고기, 파, 후춧가루, 미나리잎"
948,비타 오이 물김치,60.0,2,"홍고추, 당근, 물","식초, 고춧가루, 설탕","오이, 무, 파프리카, 미나리, 배"
949,견과류문어떡갈비,60.0,2,"다진마늘, 밀가루, 식용유","참기름, 후추","돼지고기, 소고기, 떡, 문어, 배, 호두, 아몬드, 다진파, 찹쌀가루, 대추, 잣"
950,배물김치,60.0,2,"청고추, 홍고추, 마늘, 생강, 물",설탕,"배, 미나리, 감자"
951,성주참외동치미,60.0,2,"양파, 대파, 마늘, 홍고추, 생강, 물","식초, 설탕, 누룩소금","참외, 배"
952,애호박 순대,60.0,2,"당근, 감자전분, 달걀흰자, 적양파",식초,"두부, 생새우, 팽이버섯, 깻잎, 파프리카, 다진, 애호박, 저염"
953,소고기 김말이,60.0,2,"식용유, 깨, 물반죽용, 물양념장용","저염간장, 고춧가루, 후추","소고기치맛살, 김, 튀김가루, 다진, 다진"
954,땅콩 밀푀유 샌드,60.0,2,"무염버터, 물, 크림치즈","소금, 꿀, 소금","박력, 강력, 땅콩, 그릭요거트, 구운, 계피가루"
955,헝가리안 폭찹,60.0,2,"물, 실파, 양파즙, 마늘가루",,"돼지등심, 사워크림, 파프리카가루, 머스터드, 코리앤더"
956,쇠고기 채소볶음,20.0,1,"청양고추, 양파, 대파","진간장, 후추Pepper, 참기름Sesame","쇠고기, 맛술, 알룰로스, 다진, 노랑, 빨강"
957,골뱅이무침,30.0,1,"대파, 양파, 당근, 마늘","고춧가루, 고추장, 간장, 황설탕, 식초, 올리고당, 참기름","골뱅이, 오이, 파프리카, 매실액"
958,굴 두부 국,15.0,1,"실파, 홍고추, 물, 다시마조금, 멸치, 새우젓국물 ~, 마늘다지기",,"굴싱싱한, 무, 두부"
959,과일퓨레수제함박스테이크,60.0,1,"양파, 버터, 빵가루, 달걀, 다진마늘, 물","케첩, 머스터드소스, 소금, 후추, 돈가스소스, 케첩, 소금, 후추","다진, 다진, 양송이, 올리브유"
960,비트 단호박 파스타,60.0,2,"파르메산치즈가루, 마늘","스리라차소스, 설탕","삶은, 감자, 어린잎채소, 비트, 올리브유, 미니, 생크림"
961,해조비빔국수,30.0,1,"양파, 다진마늘, 참깨","식초, 간장, 스리라차소스","오이, 빨강파프리카, 노랑파프리카, 도토리묵, 해조국수, 스테비아, 매실청"
962,닭봉 로제스튜,60.0,2,"양파, 마늘, 당근, 파르메산치즈가루, 버터",소금,"감자, 빨강파프리카, 노랑파프리카, 브로콜리, 닭봉, 홀토마토캔, 생크림, 월계수잎, 후춧가루, 올리브유, 화이트와인, 강황, 코리앤더가루, 커민, 크러쉬드, 바질가루, 오레가노가루"
963,금태찜,60.0,2,"생강즙, 녹말가루, 콩나물, 홍고추, 당근, 대파, 다시마국물","소금, 청주, 간장, 식초","금태, 흰후춧가루, 미나리, 느타리버섯, 무, 맛술"
964,김자반,15.0,1,식용유,"참기름, 맛소금, 설탕, 깨소금생략가능",파래김
965,꽁치 양념구이,60.0,2,"밀가루, 녹말가루, 식용유, 마늘, 생강즙, 물","청주, 토마토케첩, 고추장, 물엿, 간장","꽁치, 후춧가루, 다진, 다진, 맛술"
966,꽃게강정,30.0,1,"달걀, 전분, 다진마늘, 통깨","고추장, 간장, 물엿, 참기름","꽃게, 튀김가루, 얼음 ~, 매실청"
967,낙지강회,60.0,2,"실파, 당근","고추장, 식초, 설탕, 고춧가루","낙지, 마른, 쌈, 사과주스"
968,낙지 잣소스 냉채,60.0,2,밀가루,소금,"낙지, 오이, 밤, 미나리, 배, 홍피망, 잣, 배즙, 흰후춧가루, 레몬즙"
969,두부 해산물 꼬치구이,60.0,2,마늘,소금,"두부, 소라, 패주, 방울토마토, 올리브유, 다진"
970,마 두부 오징어전,60.0,2,"녹말, 식용유, 홍고추","소금, 간장, 설탕, 식초","두부, 마, 건표고버섯, 오징어, 후춧가루, 맛술"
971,멸치 찹쌀양념 튀김,60.0,2,"중멸치, 식용유, 양파즙, 마늘즙, 생강즙, 식용유, 실파","고추장, 간장, 설탕, 물엿, 참기름","찹쌀가루, 땅콩, 맛술, 흑임자"
972,미역 물오징어 연두부 초회,60.0,2,"물오징어, 꽈리고추, 마늘다진것, 생강즙, 통깨","고추장, 간장, 물엿, 식초, 참기름","연두부, 불린미역, 레몬즙, 다진"
973,연어냉채,60.0,2,녹말가루,"소금, 설탕","훈제연어, 흰후춧가루, 오이, 래디쉬, 샐러리, 배, 파인애플통조림, 파인애플통조림, 올리브오일, 레몬즙, 사과"
974,칠리새우,30.0,1,"다진마늘, 버터, 식용유, 고추가루, 물","설탕, 간장, 식초","칵테일, 케찹"
975,단호박함박스테이크,60.0,1,"양파, 버터, 빵가루, 달걀, 다진마늘, 물","케첩, 머스터드소스, 소금, 후추, 돈가스소스, 케첩, 소금, 후추","다진, 다진, 양송이, 올리브유"
976,배깍두기,15.0,1,"실파, 생강가루, 마늘, 통깨","고춧가루, 액젓, 소금, 설탕","배, 매실청"
977,닭고기 찰깨빵,60.0,2,"양파, 찰깨빵, 모차렐라치즈","설탕, 소금","방울토마토, 파프리카, 할라피뇨, 훈제, 파슬리가루, 레몬즙, 후춧가루"
978,레몬연어 파피요트,60.0,2,"양파, 마늘",소금,"브로콜리, 애호박, 레몬, 노랑파프리카, 방울토마토, 연어, 로즈메리, 올리브유, 레몬즙, 올리브유, 후춧가루, 다진"
979,떡꼬치구이,30.0,1,식용유,"고추장, 올리고당, 설탕","떡볶이떡, 땅콩, 케쳡, 맛술, 후춧가루"
980,아보카도 두부 샐러드,15.0,1,쪽파,"깨소금, 진간장, 식초, 참기름","아보카도, 두부, 알룰로스"
981,과일 주스 조림,60.0,2,,설탕,"천도복숭아, 자두, 체리, 산딸기, 블루베리, 사과, 포도, 포도주스"
982,김치 고구마밥,60.0,2,"물, 마늘다진것, 다진마늘, 통깨, 실파","참기름, 소금, 간장, 국간장, 고춧가루, 참기름","고구마, 쌀, 김치, 사과"
983,돈불고기 파인애플볶음,60.0,2,"양파, 당근, 대파, 부추, 마늘, 식용유","설탕, 참기름, 간장","돼지고기, 파인애플, 양배추"
984,비름나물 된장무침,10.0,1,"비름나물, 다진마늘, 깨","된장, 참기름",매실청
985,소고기 들깨 알토란탕,60.0,2,"대파, 콩나물, 들깨가루, 물","고춧가루, 소금, 간장","소고기, 무, 알, 느타리버섯, 고사리, 깻잎순"
986,곤약백김치말이,60.0,2,부추,"청주, 통후추","오징어, 곤약, 백김치, 파프리카, 월계수잎"
987,꽈리고추 닭강정,60.0,2,"꽈리고추, 양파, 건고추, 마늘, 대파, 식용유, 참깨, 전분, 달걀흰자, 다진마늘, 생강가루","굴소스, 올리고당","닭다리살, 백후춧가루, 후춧가루"
988,참치두부 주먹밥,30.0,1,"당근, 양파, 달걀",마요네즈,"햄, 애호박, 참치, 김가루"
989,열무톳김치,60.0,2,"마늘, 생강, 통깨","어간장, 고춧가루","열무, 톳"
990,콩가루 쑥 다쿠아즈,60.0,2,달걀흰자,"설탕, 설탕","아몬드가루, 박력, 슈가파우더, 생크림, 쑥가루"
991,대구 크림스튜,60.0,2,"다진양파, 땅콩버터","소금, 후추","다진, 다진, 다진, 대구살, 토마토, 생크림, 파프리카가루, 새우, 올리브오일"
992,대추죽,60.0,2,물,소금,"좁쌀, 대추, 깐밤, 찹쌀가루"
993,멜론스프,60.0,2,전분,설탕,"멜론, 오렌지, 레몬, 탄산수, 레몬껍질, 멜론, 자두, 생크림, 민트"
994,미니버거,60.0,1,"슬라이스치즈, 양파, 빵가루, 다진마늘","마요네즈, 케첩, 굴소스, 소금, 후추","모닝빵, 다진쇠고기, 다진돼지고기"
995,바질 고구마 옥수수빵(플렌타),60.0,2,파마산치즈,,"시금치, 바질, 고구마, 옥수수가루, 모짜렐라"
996,밥스틱,60.0,2,"당근, 양파, 치즈, 튀김기름",소금,"홍피망, 청피망, 햄, 밥, 카레가루, 춘권피, 후춧가루"
997,버섯 리조또,30.0,1,양파,"소금, 후추, 간장","찬밥, 새송이버섯, 파프리카, 두유"
998,시금치 배 미음,60.0,2,물,꿀,"불린쌀, 배, 시금치"
999,어린이 스시,60.0,2,"슬라이스치즈, 양파","마요네즈, 식초, 설탕, 소금","밥, 삶은, 슬라이스햄, 샐러리, 캔참치, 칵테일새우, 날치알"
1000,에멘탈 치즈 퐁듀,60.0,2,"마늘, 닭육수, 물전분","소금, 후추","에멘탈, 넛맥, 바게트빵, 방울토마토, 키위"
1001,고구마 김치,15.0,1,"다진마늘, 고추가루",액젓,"고구마, 매실즙"
1002,단감피클,30.0,1,물,"사과식초, 설탕, 통후추","단감, 굵은"
1003,들깨 삼계면,60.0,2,홍고추,"사과식초, 소금","삼계탕용, 우유, 삼계탕티백, 메밀면, 깻잎, 바질, 삼계탕, 사과, 들깻가루"
1004,살레마이슈,60.0,2,"양파, 달걀",후추,"바나나, 양송이버섯, 감자, 검은콩두유, 다진, 아몬드가루, 베이킹파우더, 강황가루, 방울토마토, 바질"
1005,완두콩 스프,60.0,1,"양파, 버터, 물","소금적당히, 후추적당히","완두콩, 감자, 완두콩"
1006,펜네 파스타 샐러드,60.0,2,"양파, 파마산치즈",소금,"펜네, 청피망, 홍피망, 완두콩, 블랙올리브, 아스파라거스, 토마토, 잣, 올리브오일, 바질"
1007,해산물 옥수수 오븐구이,60.0,2,"달걀, 실파, 홍고추, 마늘다진것",소금,"새우, 바지락, 도미살, 슬라이스, 토마토, 애호박, 캔, 슬라이스, 바질, 올리브오일, 후춧가루"
1008,흑임자 두부국,60.0,2,물,소금,"불린, 으깬, 검은"
1009,과일 요구르트 샐러드,60.0,2,,,"멜론, 사과, 바나나, 오렌지, 플레인, 레몬주스, 오렌지주스"
1010,단호박 스프,60.0,1,양파,,"단호박, 우유"
1011,새우 완자탕,60.0,2,"달걀, 치킨육수, 전분, 물녹말",소금,"새우, 청경채, 후춧가루, 요리술"
1012,알파벳 스프,60.0,2,"양파, 당근, 마늘다진것, 식용유, 닭육수","후추, 소금","샐러리, 월계수잎, 알파벳파스타"
1013,야채 과일 돌구이,60.0,2,,소금,"단호박, 고구마, 오렌지"
1014,야채볶음,30.0,1,"양파, 당근, 식용유, 다진마늘","고추장, 굴소스, 올리고당","비엔나소세지, 파프리카, 케찹"
1015,영양 달걀찜,60.0,2,"달걀, 멸치",소금,"죽순, 밤, 찐, 건표고버섯, 은행, 새우, 잣, 쑥갓"
1016,유부 달걀찜,60.0,2,"달걀, 당근, 멸치육수","간장, 설탕, 소금",유부
1017,찰 어묵찜,60.0,2,"전분, 다진마늘","참기름, 깨소금, 청주, 소금, 후추","찰, 새우살"
1018,유부 우엉 잡채,60.0,2,"양파, 당근, 참깨","올리고당, 간장, 설탕, 참기름","우엉, 유부, 올리브유"
1019,치즈두부샐러드,60.0,2,까망베르치즈,식초,"두부, 새싹채소, 아몬드슬라이스, 유자청, 레몬즙, 올리브유, 저염"
1020,참나물 소보로덮밥,60.0,2,"건취나물, 달걀, 참나물, 식용유","간장, 참기름, 소금","건표고버섯, 불린, 불린, 다진"
1021,버섯초계탕,60.0,2,"양파, 대파, 마늘, 달걀, 전분","간장, 소금","닭, 미나리, 새송이버섯, 팽이버섯, 양송이버섯, 후춧가루"
1022,사과채소타코,30.0,2,"양파, 다진마늘","스리라차소스, 살사소스, 마요네즈","양상추, 사과, 토르티야, 슈레드, 파프리카, 토마토, 할라피뇨, 스테비아, 아보카도, 라임즙, 무가당, 파슬리가루, 라임즙, 후춧가루"
1023,코코넛 수플레 치즈케이크,60.0,2,"크림치즈, 무염버터, 달걀노른자, 달걀흰자",,"코코넛우유, 박력, 옥수수, 레몬즙, 알룰로스"
1024,세 가지 맛 공기과자,60.0,2,"달걀흰자, 달걀노른자",설탕,"검은콩, 단호박, 비트, 박력, 허브가루"
1025,케첩 완자,60.0,2,전분,"케첩, 소금","다진, 청경채, 다진, 다진"
1026,홍시 생밤 무침,60.0,2,,,"홍시, 바나나, 생밤, 대추, 호두"
1027,고구마 경단,30.0,1,,"소금, 설탕","찹쌀가루, 고구마   ~, 카스테라가루"
1028,두부 깻잎 과자,60.0,2,"밀가루박력분, 달걀, 검은깨","설탕, 소금","두부, 깻잎, 베이킹파우더"
1029,두부양갱,60.0,2,물,설탕,"치자, 백련초가루, 두부, 한천"
1030,멸치 누룽지과자,60.0,2,"잔멸치, 통깨",설탕,밥
1031,사과 포도주스 조림,60.0,2,,,"사과, 포도주스, 계피가루, 아이스크림"
1032,홍시 쉐이크,60.0,2,물,꿀,"냉동, 오미자, 레몬즙, 민트"
1033,김치떡,60.0,2,"메밀가루, 밀가루, 물, 마늘","소금, 설탕, 깨소금, 참기름","찹쌀가루, 김치, 오징어, 파"
1034,누룽지 피자,30.0,1,피자치즈,,"오뚜기, 오뚜기  %, 고구마  -, 빨간, 노란"
1035,단호박 새우찜,60.0,2,"실파, 밀가루, 다진마늘","깨소금, 참기름, 소금","단호박, 다진, 두부, 건표고버섯, 다진, 다진, 흰후춧가루"
1036,두부 샌드위치,60.0,1,"양파, 빵가루, 달걀, 보라색양파","소금, 후추, 발사믹식초, 설탕, 마요네즈","두부, 시금치, 상하고다, 토마토, 치커리"
1037,라이스페이퍼 새우롤,60.0,2,"양파, 마늘, 홍고추, 청고추, 물전분, 물, 고추기름","식초, 설탕","새우, 홍피망, 팽이버섯, 숙주, 무순, 상추, 차이브, 쌀국수, 라이스페이퍼"
1038,롤피자,60.0,2,"밀가루중력분, 따뜻한물, 양파, 파마산치즈","소금, 토마토소스","이스트, 올리브오일, 청피망, 홍피망, 베이컨, 양송이, 모짜렐라, 바질, 오레가노"
1039,닭곰탕,60.0,1,"양파, 대파, 통마늘, 다진마늘","후추, 청주or소주, 소금","닭, 월계수잎생략가능"
1040,미나리버섯고기말이&산채소스,60.0,2,"참나물, 취나물, 파마산치즈, 마늘",후추,"돼지고기등심, 새송이버섯, 미나리, 찹쌀가루, 올리브오일, 땅콩"
1041,채소롤초밥,15.0,1,"다시마가루, 참깨","소금, 매실식초, 참기름","가지, 오이, 밥"
1042,초코바나나 두부크림빵,60.0,2,"물, 달걀, 무염버터, 달걀물, 무염버터","소금, 설탕","박력, 강력, 무가당, 드라이, 바닐라"
1043,미니 떡갈비,60.0,2,"양파, 다진마늘, 통깨조금","간장, 물엿, 참기름, 후추조금","소고기, 돼지고기, 떡볶이떡, 찹쌀가루, 술, 파"
1044,배추 달걀볶음,60.0,2,"달걀, 닭육수, 물전분, 식용유","간장, 소금","배추, 돼지고기, 파, 다진, 목이버섯"
1045,생선살 완자 찹쌀 찜,60.0,2,"당근, 달걀흰자, 생강즙, 전분","소금, 소금","찹쌀, 치자, 시금치, 흰살생선, 흰후춧가루"
1046,서양식 씨리얼(뮤즐리),60.0,2,,꿀,"오트밀, 플레인, 아몬드, 사과, 건포도, 우유, 계피가루, 바나나, 키위"
1047,아보카도 달걀 샌드위치,15.0,1,"달걀, 식빵, 양파",마요네즈,아보카도
1048,인도식만두구이(사모사),60.0,2,"버터, 생선육수, 달걀물",,"다진, 다진, 다진, 다진, 다진, 레몬주수, 카레가루, 토마토페이스트, 춘권피, 올리브오일"
1049,"제주도 빙떡, 귤간장소스",60.0,2,"메밀가루, 다시마, 다진마늘, 통깨","후추, 참기름","무, 파, 저염, 귤"
1050,감귤콩샐러드,60.0,2,,,"감귤, 완두콩, 수수, 율무, 병아리콩, 유자청, 치커리, 올리브오일"
1051,두유 크림 현미리소토,60.0,2,"양파, 마늘, 청양고추, 달걀노른자, 다시마, 물",간장,"손질된, 양송이버섯, 깻잎, 불린, 검은콩, 레몬즙"
1052,당근새우 카나페,30.0,2,"양파, 당근, 당근, 양파",식초,"칵테일새우, 사과, 바게트, 다진파슬리, 블루베리, 애플민트, 레몬, 후춧가루, 레몬즙, 올리브유"
1053,참깨 오렌지 쇠고기,60.0,2,"전분, 참깨, 식용유, 생강","간장, 굴소스, 꿀","쇠고기사태, 오렌지주스, 오렌지, 파인애플"
1054,치킨 버거 스테이크,60.0,2,"빵가루, 버터, 빵가루","소금, 후추","닭가슴살, 차이브, 바질, 파슬리, 다진, 양송이, 생크림"
1055,토마토소스 달걀볶음,60.0,2,"달걀, 식용유","토마토소스, 설탕, 소금, 참기름",파
1056,다시마전,15.0,1,"다시마, 밀가루, 물, 식용유조금",,부침가루
1057,모듬옥수수,60.0,2,"당근, 식용유, 물전분",소금,"옥수수, 잣, 청피망, 닭고기"
1058,버섯 들깨탕,30.0,1,"멸치다시마육수, 양파, 대파, 다진마늘","국간장, 소금소량","표고버섯, 새송이버섯, 느타리버섯, 고운, 찹쌀가루"
1059,산호두부,60.0,2,"고추기름, 생강, 물전분",소금,"두부, 다진, 다진, 완두콩, 파"
1060,섭산삼,60.0,1,,"소금, 꿀","더덕, 찹쌀가루, 튀김용"
1061,시금치 돼지고기 볶음,60.0,2,"물전분, 부추, 생강, 식용유","소금, 간장","돼지고기, 시금치, 파"
1062,종이에 싸서 구운 도미(파필로테),60.0,2,"당근, 대파, 양파, 버터, 버터, 파마산치즈, 마늘, 양파","소금, 후추, 통후추","도미, 샐러리, 피망, 브로콜리, 레몬제스트, 팽이버섯, 오레가노"
1063,누룽지상추샐러드&유자드레싱,60.0,2,식용유,"식초, 후추","누룽지, 로메인상추, 파프리카, 유자청, 올리브유, 레몬즙"
1064,견과류 미숫가루 빵,60.0,2,"밀가루강력분, 밀가루박력분, 달걀, 버터",소금,"미숫가루, 이스트, 아몬드, 해바라기씨, 호박씨, 건포도, 우유"
1065,돼지 함초 덮밥,60.0,2,"양파, 쪽파, 멸치 ~, 다시마, 꽈리고추, 고추냉이, 마늘, 생강, 건고추, 식용유",참기름,"레몬, 무순, 건, 밥, 돼지고기, 수란, 김가루, 팔각, 후춧가루"
1066,콩감태유자 스콘,60.0,2,,,"삶은, 두유, 코코넛오일, 유자필, 쌀가루, 아몬드가루, 감태가루, 유자앙금, 삶은"
1067,호두 사과 샐러드,60.0,2,,"마요네즈, 식초, 소금","사과, 샐러리, 레몬주스, 호두, 건포도"
1068,과일 파이,30.0,1,"달걀, 타피오카전분, 옥수수전분, 밀가루",,"적赤용과, 샤인머스켓, 무화과, 바나나, 귤, 사과, 찹쌀가루"
1069,수삼당근정과,60.0,2,"당근, 물",꿀,"수삼, 계피가루, 빵또는"
1070,식혜 팥빙수,60.0,2,물,소금,"팥, 찹쌀가루, 쑥가루, 식혜"
1071,야채칩,20.0,1,당근,,"감자, 고구마, 연근, 연두우리콩"
1072,잡곡강정,60.0,2,물,"물엿, 설탕","검은콩튀밥, 쌀튀밥, 메밀튀밥"
1073,잣 호두 강정,60.0,2,통깨,"물엿, 설탕","잣, 호두, 대추"
1074,현미 크레이프,60.0,2,"밀가루, 당근, 물","참기름, 소금, 설탕, 설탕","현미, 우유, 팥"
1075,감자 주먹밥,60.0,2,"잔멸치, 검은깨","참기름, 소금","감자, 밥, 다진, 시금치, 삶은, 흰, 흰"
1076,고기완두조림,60.0,2,"물, 육수, 전분, 식용유","설탕, 소금","돼지고기살코기, 완두콩"
1077,돼지갈비 볶음,60.0,1,"양파, 당근, 대파, 청양고추취향껏, 물","설탕, 간장","돼지갈비, 감자, 다진, 후춧가루, 굵은, 고운"
1078,미니 그라탕,60.0,2,밀가루,"설탕, 물엿, 소금","사과, 참, 레몬주스, 건포도, 슬라이스아몬드, 참, 두유, 올리브오일"
1079,밀라노 스타일 포크 커틀렛,60.0,2,"밀가루, 달걀, 빵가루, 버터, 식용유, 파마산치즈","소금, 후추","돼지등심, 바질, 건, 레몬"
1080,바지락 볶음면,30.0,1,"통마늘 ~, 월남고추, 청양고추, 당근, 대파, 식용유","굴소스, 고춧가루, 올리고당, 참기름","라면사리, 바지락, 맛술"
1081,삼색 꽃 화전,60.0,2,"식용유, 물","설탕, 꿀","찹쌀가루, 시금치, 치자, 식용꽃, 타임"
1082,알록달록연근튀김,30.0,1,"전분가루 ~, 식용유",소금,"연근, 노랑, 빨강, 브로콜리"
1083,잎채소튀김,60.0,2,"계란, 콩기름, 식용유",,"깻잎, 상추, 배추, 튀김가루, 얼음"
1084,생선 파피요트,60.0,2,양파,소금,"파프리카, 레몬, 방울토마토, 손질된, 대하, 바지락, 월계수잎, 타임 ~, 후춧가루, 화이트와인, 올리브유"
1085,시금치 후무스,30.0,2,대파,,"시금치, 불린, 우유, 올리브유, 천일염, 라임즙, 백후춧가루, 넛맥가루"
1086,클로－바,60.0,2,땅콩버터,,"귀리, 아몬드슬라이스, 피칸, 클로렐라가루, 알룰로스, 코코넛우유, 아몬드우유, 대추채, 카카오닙스, 건크랜베리, 카카오매스, 다크초콜릿"
1087,문어핫바,60.0,2,"당근, 양파, 우리밀가루","토마토케첩, 허니머스터드소스","문어, 톳, 감자, 다진, 후춧가루, 현미유"
1088,자색고구마호떡,60.0,2,"물, 검정깨","소금, 황설탕","찹쌀, 자색고구마, 현미유, 땅콩, 호두, 찹쌀가루, 계피가루"
1089,누룽지굴죽,60.0,2,"건다시마, 물, 부추","간장, 참기름","굴, 누룽지, 파래김"
1090,오징어오곡밥순대,60.0,2,청양고추,"간장, 후추, 참기름, 간장, 참기름, 설탕, 된장","오징어, 오곡밥, 데친, 다진, 데쳐서, 다진"
1091,코다리 양념구이,30.0,2,"녹말가루또는, 식용유, 고추가루, 식용유","소금조금, 후추조금, 청주조금, 참기름조금, 고추장, 간장, 청주, 설탕, 올리고당, 참기름, 후추","코다리, 다진"
1092,대구버섯구이,60.0,2,마늘,"소금, 백후추, 마요네즈, 와사비, 후추","대구살, 찹쌀가루, 새송이버섯, 올리브유, 베이비채소, 레몬즙"
1093,잔멸치땅콩볶음,60.0,2,"잔멸치, 건홍고추, 콩기름, 통깨","참기름, 굴소스, 두반장, 물엿","땅콩, 맛술, 올리브유, 다진"
1094,밥 샌드위치,30.0,1,식용유,"마요네즈, 고추장, 소금, 후추","밥, 빵, 김치, 애호박, 새송이버섯, 피망"
1095,쇠고기말이 쌈밥,60.0,2,"당근, 양파, 전분, 식용유","깨소금, 참기름, 소금, 간장, 청주, 참기름","소고기, 오이피클, 깻잎, 밥, 후춧가루"
1096,스테이크 샐러드,90.0,1,다진마늘,"소금조금, 양조간장, 올리고당, 참기름, 사과식초","한우, 샐러드야채들, 올리브오일, 후춧가루조금, 올리브유, 후춧가루톡톡"
1097,참치 쇠고기 양상추 쌈,60.0,2,"실파, 달걀흰자, 전분","참기름, 후추, 간장, 설탕, 마요네즈, 소금, 설탕","소고기, 밥, 상추, 캔참치, 다진, 다진, 후춧가루"
1098,치킨 쇠고기 땅콩소스 꼬치,60.0,2,땅콩버터,"간장, 참기름, 설탕","닭가슴살, 쇠고기, 카레가루, 올리브오일, 다진"
1099,클럽 샌드위치,30.0,1,"식빵, 계란, 양파","마요네즈, 머스타드","햄, 토마토, 양상추, 다진피클"
1100,토마토 야채 오븐구이,60.0,2,"당근, 양파, 파마산치즈, 빵가루","후추, 소금","감자, 고구마, 올리브오일, 홍피망, 토마토, 돼지호박, 바질"
1101,해초탕수,60.0,2,"양파, 물, 감자전분, 계란, 콩기름",,"불린, 파래, 김, 유자청, 다진, 다진"
1102,호두떡볶이,60.0,2,검정깨,"올리고당, 간장","호두, 올리브유, 떡볶이"
1103,멍게비빔밥,30.0,1,,"진간장, 참기름, 깨소금","멍게, 오이, 상추, 김"
1104,키조개샤브샤브,60.0,2,"당근, 참나물, 다시마, 물, 다시마, 대파","간장, 사과식초, 올리고당","키조개관자, 애호박, 표고버섯, 느타리버섯, 팽이버섯"
1105,가자미쑥국,60.0,1,"멸치육수, 홍고추, 대파","된장듬뿍, 국간장, 소금","참가자미, 쑥, 콩가루, 후춧가루"
1106,오리고기곰피쌈,60.0,2,물,"고추장, 설탕, 식초","오리고기, 곰피, 무순, 올리브유, 오미자액기스"
1107,민들레무침,30.0,1,"다진마늘, 통깨","고춧가루, 멸치액젓, 참기름","민들레, 다진파, 매실청"
1108,취나물들깨무침,30.0,1,"취나물두손가득, 들깨가루, 다진마늘","국간장, 들기름",
1109,풋마늘오징어김치,60.0,2,"풋마늘, 물, 밀가루, 물, 통깨, 생강즙","소금, 고춧가루, 멸치액젓, 설탕","건오징어, 새우젓"
1110,절편꽃말이떡,60.0,2,물,"설탕, 소금","절편, 거피, 다진, 진달래꽃"
1111,가지볶음,15.0,1,"고추, 양파, 대파, 통깨, 다진마늘, 고추가루","참기름, 간장, 굴소스, 설탕",가지
1112,고등어 강정,15.0,1,"녹말가루, 다진마늘, 다진청양고추, 다진홍청양고추, 다진양파, 식용유적당히","참기름, 간장, 올리고당, 굴소스, 꿀",손질된
1113,꽃게볶음,60.0,2,"전분, 실파, 건고추, 물","청주, 참기름, 소금, 간장, 청주, 설탕","꽃게, 다진, 다진, 후춧가루"
1114,다시마칩,60.0,2,"다시마, 참깨",꿀,오트밀
1115,브로콜리 쇠고기 볶음,15.0,1,"식용유, 다진마늘","소금, 마요네즈, 굴소스, 후추","자숙새우, 브로콜리, 맛술"
1116,시저 샐러드,20.0,1,다진마늘,"마요네즈, 올리고당","로메인또는, 삶은, 슬라이스, 베이컨또는, 머스터드, 레몬즙또는, 파마산, 후춧가루, 플레인"
1117,팽이버섯 야채볶음,60.0,2,"식용유, 물전분","참기름, 소금","팽이버섯, 청경채"
1118,딸기연두부쉐이크,60.0,2,,올리고당,"딸기, 연두부, 바나나"
1119,구운 주먹밥,15.0,1,,"참기름, 진간장, 설탕, 올리고당","밥, 참치, 후리가케, 맛술"
1120,효종갱(曉鍾羹),60.0,2,"양파, 마늘, 물",저염간장,"배추, 무, 느타리버섯, 쇠고기양지, 표고버섯, 전복"
1121,갯벌의 여왕 모시조개의 달콤한 유혹,60.0,2,"양파, 마늘, 청양고추",후추,"바지락, 마른, 올리브유, 화이트와인, 저염, 바질"
1122,고구마 타락죽,30.0,1,물,소금,"고구마, 우유, 찹쌀가루적당히, 잣"
1123,두부 채소 볶음밥,60.0,2,"당근, 청고추, 홍고추, 통깨, 다시마물","소금, 간장, 참기름","밥, 두부, 건, 감자, 청피망, 홍피망, 오이, 애호박"
1124,과일 샐러드 또띠아,60.0,2,,꿀,"자몽, 오렌지, 키위, 사과, 플레인, 또띠아"
1125,수박 화채,5.0,1,,,"수박, 각얼음, 우유, 사이다"
1126,우유 생강차,60.0,2,생강,"꿀, 깨소금","우유, 계피가루"
1127,누룽지 요거트 파르페,60.0,2,,,"밥, 오렌지, 사과, 요거트, 블루베리"
1128,자색고구마 호떡,60.0,2,"물, 검정깨","소금, 황설탕","찹쌀, 자색고구마, 현미유, 땅콩, 호두, 찹쌀가루, 계피가루"
1129,청국장지짐 케일쌈밥,60.0,2,"멸치, 양파, 홍고추",,"사과, 돼지고기, 청국장, 밥, 케일, 무, 사과"
1130,마늘 불고기 덮밥,30.0,1,,"간장, 설탕","소고기, 다진, 맛술또는"
1131,잡곡강정밥,60.0,2,식용유,"꿀, 간장, 소금","잡곡, 찹쌀, 호두, 은행, 밤, 대추"
1132,함박스테이크 볼 밥,60.0,1,"양파, 버터, 빵가루, 달걀, 다진마늘, 물","케첩, 머스터드소스, 소금, 후추, 돈가스소스, 케첩, 소금, 후추","다진, 다진, 양송이, 올리브유"
1133,곤드레 밥버거,60.0,2,"곤드레나물, 양파, 밀가루, 빵가루","마요네즈, 된장, 식초, 간장, 참기름, 들기름, 소금","쌀, 찹쌀, 흑미, 파프리카, 양상추, 감자, 깻잎, 바나나, 김, 호두, 사과"
1134,대추닭살리조또,60.0,2,"치즈, 마늘, 양파, 당근",소금,"피망, 우유, 후춧가루, 닭가슴살, 쌀, 표고버섯, 대추"
1135,먹골배 카레주먹밥,60.0,2,양파,마요네즈,"쌀, 카레가루, 묵은지, 애호박, 가지, 캔참치"
1136,라비올리 크림소스,60.0,2,"양파, 마늘, 식용유, 파마산치즈, 버터, 밀가루중력분, 밀가루강력분, 달걀, 물",,"새우살, 게살, 생크림, 시금치, 비트"
1137,라비올리 토마토소스,60.0,2,"밀가루중력분, 밀가루강력분, 달걀, 물, 양파, 당근, 물, 다진마늘, 파마산치즈",설탕,"토마토, 셀러리, 바질, 오레가노, 로즈마리, 우유, 레몬즙, 차이브"
1138,미역 조랭이 떡국,60.0,2,"들깨, 마늘, 물","들기름, 국간장","마른미역, 우엉, 조랭이"
1139,버섯 리조또,30.0,1,양파,"소금, 후추, 간장","찬밥, 새송이버섯, 파프리카, 두유"
1140,서리태 잣국수,60.0,2,"밀가루, 물",소금,"잣, 서리태, 오이, 체리토마토, 흑임자"
1141,쌈밥,20.0,1,"양파, 고추, 들깨가루, 다진마늘","된장, 참기름, 설탕, 들기름, 꿀","자숙우렁살, 표고버섯, 호박"
1142,영양밥,90.0,1,"물, 진한콩국물, 버터, 당근","고운소금, 후추","가와지, 닭가슴살, 우유, 알밤, 참치액"
1143,팥죽,60.0,2,,,
1144,호박만두,60.0,1,"계란, 고추가루, 다진마늘","참기름, 소금, 후추","호박, 닭가슴살, 숙주, 두부, 다진파"
1145,단호박 두부 포타주,60.0,2,다시마국물,소금,"단호박, 두부, 두유, 후춧가루"
1146,파인애플떡갈비,60.0,2,"양파, 전분, 마늘","진간장, 설탕, 참기름","소고기갈비살, 파인애플, 표고버섯, 파, 후춧가루"
1147,곤약 백김치 말이,60.0,2,부추,"청주, 통후추","오징어, 곤약, 백김치, 파프리카, 월계수잎"
1148,묵은지비프롤,60.0,2,"참나물, 달걀, 전분",소금,"소고기불고기용, 묵은지, 팽이버섯, 아스파라거스, 파프리카, 올리브오일, 매실액, 레몬즙, 후춧가루"
1149,현미 고구마 아란치니,60.0,2,"당근, 양파, 달걀, 빵가루, 밀가루, 식용유",소금,"고구마, 현미밥, 새송이버섯, 파슬리, 후춧가루"
1150,유자 치킨 꿔바로우,60.0,2,"생강, 녹말, 전분, 식용유, 물","꿀, 소금, 식초, 간장","닭가슴살, 찹쌀가루, 유자청, 후춧가루, 튀김유"
1151,이태리튀밥,60.0,2,"달걀, 빵가루, 파마산치즈가루, 생모짜렐라치즈, 버터, 물",소금,"쌀, 방울토마토, 바질, 옥수수, 올리브오일, 튀김유"
1152,새우채소꼬치구이,60.0,2,대파,후추,"새우, 단호박, 양배추, 방울토마토"
1153,누룽지과자,20.0,1,식용유 ~,설탕,누룽지
1154,모듬탕수,60.0,2,"식용유, 감자전분가루, 다진마늘","간장, 식초, 설탕, 참기름","건표고버섯, 연근, 주황파프리카, 노랑파프리카, 브로컬리, 레드와인"
1155,새싹 비빔밥,15.0,1,"계란, 깨, 마늘","고추장, 참기름, 올리고당, 간장","깻잎, 상추, 밥, 참치캔, 새싹채소, 어린잎채소"
1156,가지볶음,15.0,1,"고추, 양파, 대파, 통깨, 다진마늘, 고추가루","참기름, 간장, 굴소스, 설탕",가지
1157,감자냉채,60.0,2,물,"식초, 설탕, 소금, 설탕, 식초, 소금, 겨자가루","감자, 래디쉬, 오이, 파인애플주스, 미지근한, 파인애플주스"
1158,고추잡채,60.0,1,"양파, 청양고추 ~, 고추기름","설탕, 진간장, 진간장, 설탕, 올리고당","잡채용, 노란, 빨강, 표고버섯 ~, 꽃빵, 맛술, 다진, 후춧가루, 다진, 굴, 맛술"
1159,나박김치,15.0,1,"통마늘, 당근, 쪽파, 홍고추, 고추가루, 생강가루","설탕, 소금","배추잎, 무, 생수"
1160,냉잡채,30.0,1,"양파, 계란생략가능, 다진마늘, 통깨","연겨자, 설탕, 올리고당, 참기름, 간장","당면, 맛살, 오이"
1161,단호박 두부찜,60.0,2,"마늘, 풋고추, 다시물, 식용유","간장, 청주, 설탕, 소금","단호박, 두부, 맛술"
1162,단호박전,15.0,1,"양파, 계란, 기름",소금,"단호박, 부침가루, 튀김가루, 흑임자생략가능"
1163,도라지 검은깨 튀김,60.0,2,"검은깨, 식용유, 물, 고추냉이","간장, 식초, 설탕, 소금물","도라지, 찹쌀가루, 튀김가루"
1164,버섯 굴소스 볶음,60.0,2,"식용유, 마늘다진것, 물, 부추또는","굴소스, 간장, 참기름","표고버섯, 양송이버섯, 느타리버섯, 팽이버섯, 새송이버섯"
1165,상추 겉절이,5.0,1,"다진마늘, 통깨","고춧가루, 간장, 설탕, 식초, 참기름",상추
1166,연근고구마샌드위치,60.0,2,"달걀, 식용유","소금, 식초","연근, 고구마, 견과류, 튀김가루, 백년초가루"
1167,파프리카깍두기(어린이용),60.0,2,"실파, 멸치, 마늘","멸치액젓, 올리고당","무, 파프리카, 사과, 현미, 천일염"
1168,과일 김치,60.0,2,"마늘, 깨","고춧가루, 참기름, 소금","사과, 배, 복숭아, 토마토, 치커리"
1169,비트 배추피클,60.0,2,"당근, 물","식초, 설탕, 통후추","비트, 배추, 무, 사과, 월계수잎"
1170,오징어와사비마요무침,60.0,2,깨,"마요네즈, 와사비","진미채, 유자청, 레몬즙"
1171,삼색 버터롤,60.0,2,"밀가루강력분, 버터, 달걀, 물","꿀, 소금","홍시, 호두, 곶감, 대추, 블루베리, 크랜베리, 이스트, 탈지분유, 제빵개량제"
1172,감말랭이 찰빵,60.0,2,"밀가루, 식용유",소금,"감, 쌀가루, 보릿가루, 고구마, 냉동딸기, 흑임자"
1173,바나나 속 달걀빵,60.0,2,"달걀, 밀가루, 버터, 물",소금,"바나나, 우유, 베이킹파우더"
1174,두부빼빼로,60.0,2,"검은깨, 식빵, 밀가루, 식용유, 물","소금, 꿀","두부, 포도, 호두, 계피가루"
1175,땅콩호박 타르트,60.0,2,"버터, 밀가루박력분, 달걀, 전분",소금,"땅콩호박, 아몬드가루, 요거트, 사과, 호두"
1176,고구마 바나나 무스,60.0,2,"달걀, 크림치즈",올리고당,"고구마, 바나나, 우유, 생크림, 딸기잼, 젤라틴, 바닐라빈"
1177,단호박치즈스틱,60.0,2,"양파, 모짜렐라치즈, 식용유",,"단호박, 새우살, 삼색파프리카, 옥수수, 춘권피, 생크림"
1178,크랜베리 샤브레 쿠키,60.0,2,"밀가루박력분, 버터",,"크랜베리, 슈가파우더, 아몬드가루, 백년초가루, 우유"
1179,생과일 타르트,60.0,2,"밀가루, 버터, 달걀",꿀,"아몬드가루, 생크림, 블랙, 키위, 블루베리, 체리"
1180,삼색 머핀,60.0,2,"당근, 밀가루, 버터, 달걀, 물","꿀, 소금","시금치, 사과, 호두, 크랜베리, 베이킹소다, 베이킹파우더"
1181,아시아식 채소 두부 볶음,60.0,2,"녹말, 식용유, 마늘다진것, 물","간장, 참기름","해선장, 두부, 그린빈, 청경채, 영콘, 밤, 다진땅콩"
1182,양배추 깻잎 피클,60.0,1,물,"사과식초, 설탕, 굵은소금","양배추, 깻잎"
1183,얼갈이 무침,30.0,1,"다진마늘, 통깨","고춧가루, 액젓, 물엿, 설탕","얼갈이, 매실청"
1184,오이초절임,5.0,1,,"식초, 설탕, 고춧가루","오이, 레몬즙"
1185,잡채,30.0,1,"당근, 양파, 부추, 다진마늘","진간장, 참기름, 미림, 후추, 간장, 물엿평평하게","당면, 파프리카, 목이버섯, 잡채용"
1186,고추 장떡,5.0,1,"밀가루, 물, 쪽파",고추장크게,
1187,호박 프리타타,60.0,2,"달걀, 실파, 마늘다진것, 모짜렐라치즈, 파마산치즈, 식용유",,"돼지호박, 후춧가루, 토마토, 타임, 바질, 로즈마리, 다진"
1188,검은콩 스프,15.0,1,,"소금, 아가베시럽","검은콩, 우유"
1189,도토리묵 콩국,60.0,2,,,
1190,두부 달걀전,60.0,2,"밀가루, 식용유, 청고추, 홍고추, 통깨","소금, 후추, 간장, 식초, 설탕","두부, 카레가루, 후춧가루"
1191,두부 튀김 조림,60.0,2,"녹말가루, 식용유, 물, 통깨","간장, 물엿, 고추장, 참기름","두부, 청피망, 홍피망, 노랑파프리카"
1192,바나나 스틱,60.0,1,,,"바나나, 코팅용, 코팅용, 땅콩분태, 초콜릿, 스프링클"
1193,달코미 고구마 타르트,60.0,2,식용유,,"딸기, 고구마, 요거트, 만두피, 우유"
1194,콩가루 고구마 타르트,60.0,2,"밀가루, 버터, 달걀","꿀, 소금","콩가루, 고구마, 우유, 생크림"
1195,코마레티,60.0,2,달걀,설탕,"아몬드슬라이스, 코코넛"
1196,단구마 무스 샌드 케이크,60.0,2,"달걀, 밀가루, 버터",설탕,"고구마, 단호박, 생크림, 우유, 레몬즙, 크랜베리"
1197,완두콩 롤,60.0,2,식빵,올리고당,"완두콩, 찹쌀가루, 우유"
1198,단호박두부팬케이크,60.0,2,"밀가루, 식용유",,"단호박, 두부, 타가토스, 우유"
1199,두부티라미수,15.0,1,크림치즈또는,"꿀, 설탕","두부, 오트밀, 에스프레소, 레몬즙, 무가당"
1200,단호박몽블랑,60.0,2,"밀가루박력분, 달걀, 마스카르포네치즈","올리고당, 설탕","단호박, 아몬드가루, 스테비아, 녹차가루, 생크림, 판젤라틴"
1201,렌틸콩 크레이프,60.0,2,"밀가루중력분, 달걀, 버터, 크림치즈",설탕,"렌틸콩, 우유, 생크림, 귤, 키위, 블루베리"
1202,콩 판나코타,60.0,2,,설탕,"렌틸콩, 완두콩, 생크림, 판젤라틴"
1203,고구마치즈크로켓,60.0,2,"양파, 모짜렐라치즈, 밀가루, 달걀, 빵가루, 버터, 식용유",꿀,"호박고구마, 새우살, 삼색파프리카, 생크림"
1204,빵 대신 어묵 사라다,60.0,2,"양파, 당근, 달걀, 빵가루, 밀가루, 식용유, 물",마요네즈,"어묵, 양배추, 푸룬, 아몬드, 요거트"
1205,녹차 파나코타,60.0,2,물,설탕,"녹차가루, 판젤라틴, 생크림, 우유, 바닐라에센스, 팥, 민트"
1206,자색고구마찹쌀푸딩,60.0,2,,소금,"자색고구마, 우유, 찹쌀가루"
1207,꽃설기,60.0,2,,설탕,"멥쌀가루, 대추, 백년초가루, 단호박가루, 시금치가루, 백앙금, 우유, 호박씨"
1208,크랜베리 소보로 떡,60.0,2,,,"쌀가루, 찹쌀가루, 크랜베리, 건포도, 견과류"
1209,오미자 샹그리아,60.0,2,,,"오미자, 사과, 오렌지, 딸기, 포도, 배"
1210,톡톡! 오미자 펀치,60.0,2,,꿀,"건오미자, 배, 잣, 생수, 각얼음"
1211,사과비트에이드,60.0,2,,,"사과, 비트, 레몬즙, 탄산수"
1212,밤 라떼,30.0,1,,꿀,"맛밤, 아몬드, 우유, 시나몬, 아몬드"
1213,자두 라떼,60.0,2,물,꿀,"자두, 우유"
1214,와인배숙,60.0,2,,통후추,"배, 사과, 레드와인, 계피"
1215,쌀콩죽 요거트,60.0,2,,,"우유, 배, 고구마, 요거트, 쌀가루, 메주콩"
1216,비트두유,60.0,2,,,"비트, 무첨가, 타가토스"
1217,렌틸콩 두유,60.0,2,,"꿀, 설탕","렌틸콩, 우유, 레몬, 딸기, 판젤라틴"
1218,군고구마 라떼,60.0,2,,,"고구마, 우유, 고구마칩"
1219,바지락 미역국,60.0,1,"물, 다진마늘","국간장, 들기름, 소금","미역, 바지락"
1220,단호박견과류샐러드,30.0,1,,소금,"쪄서, 호두, 피칸, 건포도, 우유, 생크림"
1221,함박스테이크&토마토카레소스,60.0,1,"양파, 버터, 빵가루, 달걀, 다진마늘, 물","케첩, 머스터드소스, 소금, 후추, 돈가스소스, 케첩, 소금, 후추","다진, 다진, 양송이, 올리브유"
1222,모둠채소 수제피클,30.0,1,물,"설탕, 식초","오이, 파프리카, 적양배추, 피클링스파이스"
1223,바지락 맑은국,60.0,2,"홍고추, 청양고추, 대파, 다시마, 물",,"바지락, 팽이버섯, 쑥갓, 무"
1224,일본식 계란말이,10.0,1,"달걀, 식용유","간장 ~, 설탕 ~, 미림",
1225,"소고기 가라아게, 칠리소스",60.0,2,"대파, 마늘, 계란노른자, 밀가루, 전분","고춧가루, 식초, 설탕","소고기, 토마토"
1226,두부해물완자,60.0,2,"감자전분, 계란, 마늘, 양파",꿀,"두부, 오징어, 칵테일, 부침가루, 새우가루, 파, 저염"
1227,퀴노아 팥수프,60.0,2,"무염버터, 물, 밀가루, 양파, 세발나물",설탕,"퀴노아, 팥, 무가당, 우유, 닭"
1228,참치 두부 함박스테이크,60.0,1,"양파, 버터, 빵가루, 달걀, 다진마늘, 물","케첩, 머스터드소스, 소금, 후추, 돈가스소스, 케첩, 소금, 후추","다진, 다진, 양송이, 올리브유"
1229,김치양배추볶음,60.0,2,"양파, 대파, 마늘","간장, 들기름","배추김치, 양배추, 보리새우, 흑임자"
1230,"알록달록화전, 멸치두부전",60.0,2,"잔멸치, 물","꿀, 설탕","찹쌀가루, 비트, 시금치, 두부, 식용꽃, 쑥갓, 부침가루"
1231,단호박떡볶이,30.0,1,"양파, 마늘, 검은깨",소금,"떡볶이떡, 우유, 생크림, 미니, 브로콜리"
1232,배·라임 모히또,60.0,2,,,"배, 라임, 탄산수, 애플민트, 스테비아"
1233,포도청 보리 수단,60.0,2,전분,설탕,"포도, 보리, 녹차티백"
1234,감자주스,60.0,2,,설탕,"감자, 우유"
1235,만가닥버섯볶음,15.0,1,,"간장, 설탕, 참기름","만가닥버섯, 홍피망, 청피망, 맛술, 다진"
1236,양파홍초절임,60.0,2,"양파, 홍고추, 청양고추","간장, 설탕",홍초
1237,고구마순나물,30.0,1,"양파, 청양고추, 홍고추, 물, 통깨","들기름, 국간장, 멸치액젓, 후추","고구마순, 고구마줄기, 파, 맛술"
1238,아욱 된장무침,15.0,1,통깨,"된장, 참기름","아욱, 다진, 매실액"
1239,검은콩부추전,60.0,2,"밀가루, 홍고추, 풋고추, 당근, 부추, 깐양파, 달걀, 콩기름",국간장,"검정콩, 부침가루, 애호박"
1240,고사리파전&단감전,60.0,2,"쪽파, 홍고추, 계란, 밀가루, 물, 감자전분, 식용유",,"고사리, 단감, 찹쌀가루, 대추"
1241,바지락매생이전,60.0,2,"홍고추, 식용유",,"매생이, 바지락살, 부침가루, 튀김가루"
1242,알콩달콩전,60.0,2,"밀가루, 물, 식용유",소금,"병아리콩, 검정콩, 완두콩, 두부, 빨간파프리카, 찹쌀가루"
1243,통도라지양념구이,60.0,2,"다진마늘, 쪽파, 통깨","고추장, 간장, 참기름, 소금","통도라지, 배"
1244,삼색계란찜,60.0,2,"계란, 다시마",소금,"시금치, 비트, 우유, 애플민트"
1245,고구마순들깨나물,60.0,2,"들깨가루, 다시마","소금, 참기름",고구마순
1246,바나나미숫가루쉐이크,10.0,1,,,"얼린, 미숫가루, 우유, 연유"
1247,사과 견과류 식빵,60.0,2,"밀가루강력분, 버터, 달걀",소금,"드라이이스트, 우유, 사과, 견과류"
1248,카카오 깜빠뉴,60.0,2,"밀가루강력분, 버터, 물",소금,"코코아, 생이스트, 드라이이스트, 파트, 우유, 카카오, 호두, 건포도"
1249,곶감 베이글,60.0,2,"통밀가루, 밀가루강력분, 물",소금,"인스턴트, 사과종, 카놀라유, 레몬, 곶감"
1250,어묵 잡채,30.0,1,"당근, 양파, 식용유, 다진마늘, 통깨","소금, 간장, 설탕, 참기름, 후추가루","당면, 어묵, 피망, 애기느타리버섯"
1251,토마토 비빔국수,30.0,1,삶은달걀,"식초, 올리고당, 고추장, 고춧가루, 설탕, 간장, 소금","카펠리니, 양배추, 깻잎, 토마토, 사이다"
1252,유부초절임,60.0,2,"당근, 다시마","설탕, 식초","사과, 유부, 양배추, 오이"
1253,토마토 미소 된장국,60.0,2,"양파, 멸치, 고추, 대파, 다시마",미소된장,"토마토, 두부, 표고버섯"
1254,미역 미소국,60.0,2,물,미소된장,"건미역, 가다랑어포, 미향"
1255,포두부채소잡채,60.0,2,"양파, 생강, 식용유, 다진마늘",설탕,"포두부, 참느타리버섯, 게맛살, 청피망, 홍피망, 파, 노두유"
1256,참외지 리코타버무리,60.0,1,"리코타치즈, 끓는물","소금, 설탕","참외, 아몬드, 레몬즙, 올리브유, 유자청"
1257,들깨 곤약 냉채,60.0,2,"양파, 당근","겨자가루, 식초, 올리고당, 소금","닭가슴살, 노랑, 오이, 곤약면, 들깻가루, 저염, 어린잎채소"
1258,요거트 단호박 샐러드,30.0,1,,"마요네즈, 소금","단호박, 크랜베리, 아몬드, 후춧가루"
1259,"단호박 생선탕수, 키위소스",60.0,2,"당근, 양파, 전분, 계란, 물","식초, 키위소스, 소금, 후추","단호박, 오이, 튀김가루, 목이버섯, 동태살, 튀김유"
1260,낙지모듬초말이,60.0,2,"당근, 홍고추, 물, 깨","설탕, 식초, 간장, 고춧가루","낙지, 가지, 오이, 표고버섯, 미나리, 사과"
1261,병아리콩 컵케이크,90.0,2,"달걀노른자, 식용유",올리고당,"불린, 바나나, 무가당, 다크초콜릿, 아몬드가루, 우유, 아몬드슬라이스, 병아리콩, 무가당"
1262,양파토마토스튜,60.0,1,"마늘, 양파, 멸치육수용, 다시마, 물",,"토마토, 월계수잎"
1263,맛살 미역줄기전,90.0,2,양파,,"미역, 맛살, 건새우, 올리브유, 아보카도유, 부침가루, 튀김가루, 탄산수"
1264,초코타르트,30.0,1,버터,,"다이제, 생크림, 다크초콜릿"
