"id","name","logo_img","base_price","category","detail"
"1","광고형 스탠다드","넷플릭스","7,000 ","OTT","{""content"":[""화질 - 1080p(풀 HD)"",""장치 - TV, 컴퓨터, 스마트폰, 태블릿"",""동시접속 - 2개 장치"",""광고 존재"",""콘텐츠 저장 - 디바이스 2개""]}"
"2","광고형 스탠다드","넷플릭스","84,000 ","OTT","{""content"":[""화질 - 1080p(풀 HD)"",""장치 - TV, 컴퓨터, 스마트폰, 태블릿"",""동시접속 - 2개 장치"",""광고 존재"",""콘텐츠 저장 - 디바이스 2개""]}"
"3","스탠다드","넷플릭스","13,500 ","OTT","{""content"":[""화질 - 1080p(풀 HD)"",""장치 - TV, 컴퓨터, 스마트폰, 태블릿"",""동시접속 - 2개 장치"",""광고 없음"",""콘텐츠 저장 - 디바이스 2개""]}"
"4","스탠다드","넷플릭스","162,000 ","OTT","{""content"":[""화질 - 1080p(풀 HD)"",""장치 - TV, 컴퓨터, 스마트폰, 태블릿"",""동시접속 - 2개 장치"",""광고 없음"",""콘텐츠 저장 - 디바이스 2개""]}"
"5","프리미엄","넷플릭스","17,000 ","OTT","{""content"":[""화질 - 4K(UHD)"",""장치 - TV, 컴퓨터, 스마트폰, 태블릿"",""동시접속 - 4개 장치"",""광고 없음"",""콘텐츠 저장 - 디바이스 6개""]}"
"6","프리미엄","넷플릭스","204,000 ","OTT","{""content"":[""화질 - 4K(UHD)"",""장치 - TV, 컴퓨터, 스마트폰, 태블릿"",""동시접속 - 4개 장치"",""광고 없음"",""콘텐츠 저장 - 디바이스 6개""]}"
"7","광고형 스탠다드","티빙","5,500 ","OTT","{""content"":[""화질 - 1080p(풀 HD)"",""장치 - TV, 컴퓨터, 스마트폰, 태블릿"",""동시접속 - 2개 장치"",""광고 존재"",""콘텐츠 저장 - 15회"",""프로필 : 4개""]}"
"8","광고형 스탠다드","티빙","49,900 ","OTT","{""content"":[""화질 - 1080p(풀 HD)"",""장치 - TV, 컴퓨터, 스마트폰, 태블릿"",""동시접속 - 2개 장치"",""광고 존재"",""콘텐츠 저장 - 15회"",""프로필 : 4개""]}"
"9","프리미엄","티빙","17,000 ","OTT","{""content"":[""화질 - 1080p(풀 HD)"",""장치 - TV, 컴퓨터, 스마트폰, 태블릿"",""동시접속 - 4개 장치"",""광고 없음"",""콘텐츠 저장 - 400회"",""프로필 : 4개, Apple TV""]}"
"10","프리미엄","티빙","135,000 ","OTT","{""content"":[""화질 - 1080p(풀 HD)"",""장치 - TV, 컴퓨터, 스마트폰, 태블릿"",""동시접속 - 4개 장치"",""광고 없음"",""콘텐츠 저장 - 400회"",""프로필 : 4개, Apple TV""]}"
"11","스탠다드","티빙","13,500 ","OTT","{""content"":[""화질 - 1080p(풀 HD)"",""장치 - TV, 컴퓨터, 스마트폰, 태블릿"",""동시접속 - 2개 장치"",""광고 없음"",""콘텐츠 저장 - 300회"",""프로필 : 4개""]}"
"12","스탠다드","티빙","169,000 ","OTT","{""content"":[""화질 - 1080p(풀 HD)"",""장치 - TV, 컴퓨터, 스마트폰, 태블릿"",""동시접속 - 2개 장치"",""광고 없음"",""콘텐츠 저장 - 300회"",""프로필 : 4개""]}"
"13","베이직","티빙","9,500 ","OTT","{""content"":[""화질 - 720p(HD)"",""장치 - TV, 컴퓨터, 스마트폰, 태블릿"",""동시접속 - 1개 장치"",""광고 없음"",""콘텐츠 저장 - 200회"",""프로필 : 4개""]}"
"14","베이직","티빙","114,000 ","OTT","{""content"":[""화질 - 720p(HD)"",""장치 - TV, 컴퓨터, 스마트폰, 태블릿"",""동시접속 - 1개 장치"",""광고 없음"",""콘텐츠 저장 - 200회"",""프로필 : 4개""]}"
"15","디즈니+ 프리미엄","디즈니플러스","13,900 ","OTT","{""content"":[""화질 - 4K(UHD)"",""장치 - TV, 컴퓨터, 스마트폰, 태블릿, 안드로이드 TV, 애플 TV, 크롬캐스트, PS4/5, Xbox"",""동시접속 - 4개 장치"",""광고 없음"",""콘텐츠 저장 - 디바이스 10개"",""음질 : Dolby Atmos 오디오""]}"
"16","디즈니+ 프리미엄","디즈니플러스","139,000 ","OTT","{""content"":[""화질 - 4K(UHD)"",""장치 - TV, 컴퓨터, 스마트폰, 태블릿, 안드로이드 TV, 애플 TV, 크롬캐스트, PS4/5, Xbox"",""동시접속 - 4개 장치"",""광고 없음"",""콘텐츠 저장 - 디바이스 10개"",""음질 : Dolby Atmos 오디오""]}"
"17","디즈니+ 스탠다드","디즈니플러스","9,900 ","OTT","{""content"":[""화질 - 1080p(풀 HD)"",""장치 - TV, 컴퓨터, 스마트폰, 태블릿, 안드로이드 TV, 애플 TV, 크롬캐스트, PS4/5, Xbox"",""동시접속 - 2개 장치"",""광고 없음"",""콘텐츠 저장 - 디바이스 10개"",""음질 : 5.1 사운드""]}"
"18","디즈니+ 스탠다드","디즈니플러스","99,000 ","OTT","{""content"":[""화질 - 1080p(풀 HD)"",""장치 - TV, 컴퓨터, 스마트폰, 태블릿, 안드로이드 TV, 애플 TV, 크롬캐스트, PS4/5, Xbox"",""동시접속 - 2개 장치"",""광고 없음"",""콘텐츠 저장 - 디바이스 10개"",""음질 : 5.1 사운드""]}"
"19","요고 69","KT","69,000 ","통신사","{""content"": [""데이터 - 완전 무제한"", ""통화량 - 집/이동전화무제한(+영상/부가300분)"", ""문자 - 기본제공"", [""공유 데이터 2배 제공"", ""2회선 최대 100% 할인"", ""VIP"", ""OTT 2개 또는 디바이스 할인"", ""콘텐츠1개""]]}"
"20","요고 61","KT","61,000 ","통신사","{""content"": [""데이터 - 완전 무제한"", ""통화량 - 집/이동전화무제한(+영상/부가300분)"", ""문자 - 기본제공"", [""공유 데이터 2배 제공"", ""1회선 최대 100% 할인"", ""VIP"", ""OTT 1개 또는 디바이스 할인"", ""콘텐츠1개""]]}"
"21","요고 55","KT","55,000 ","통신사","{""content"": [""데이터 - 200GB+다 쓰면 최대 5Mbps"", ""통화량 - 집/이동전화무제한(+영상/부가300분)"", ""문자 - 기본제공"", [""기본 데이터 한번 더 제공"", ""1회선 최대 50% 할인"", ""VIP"", ""OTT 1개 또는 디바이스 할인"", ""콘텐츠1개50% 할인""]]}"
"22","요고 49","KT","49,000 ","통신사","{""content"": [""데이터 - 120GB+다 쓰면 최대 5Mbps"", ""통화량 - 집/이동전화무제한(+영상/부가300분)"", ""문자 - 기본제공"", [""기본 데이터 한번 더 제공"", ""OTT 1개"", ""콘텐츠1개50% 할인"", ""VIP""]]}"
"23","요고 46","KT","46,000 ","통신사","{""content"": [""데이터 - 80GB+다 쓰면 최대 1Mbps"", ""통화량 - 집/이동전화무제한(+영상/부가300분)"", ""문자 - 기본제공"", [""기본 데이터 한번 더 제공"", ""OTT 1개"", ""콘텐츠1개50% 할인"", ""VIP""]]}"
"24","요고 44","KT","44,000 ","통신사","{""content"": [""데이터 - 40GB+다 쓰면 최대 1Mbps"", ""통화량 - 집/이동전화무제한(+영상/부가300분)"", ""문자 - 기본제공"", [""기본 데이터 한번 더 제공"", ""OTT 1개"", ""콘텐츠1개50% 할인"", ""VIP""]]}"
"25","요고 42","KT","42,000 ","통신사","{""content"": [""데이터 - 35GB+다 쓰면 최대 1Mbps"", ""통화량 - 집/이동전화무제한(+영상/부가300분)"", ""문자 - 기본제공"", [""기본 데이터 한번 더 제공"", ""OTT 1개"", ""콘텐츠1개50% 할인"", ""VIP""]]}"
"26","요고 40","KT","40,000 ","통신사","{""content"": [""데이터 - 30GB+다 쓰면 최대 1Mbps"", ""통화량 - 집/이동전화무제한(+영상/부가300분)"", ""문자 - 기본제공"", [""기본 데이터 한번 더 제공"", ""OTT 1개"", ""콘텐츠1개50% 할인""]]}"
"27","요고 38","KT","38,000 ","통신사","{""content"": [""데이터 - 25GB+다 쓰면 최대 1Mbps"", ""통화량 - 집/이동전화무제한(+영상/부가300분)"", ""문자 - 기본제공"", [""기본 데이터 한번 더 제공"", ""OTT 1개"", ""콘텐츠1개50% 할인""]]}"
"28","요고 36","KT","36,000 ","통신사","{""content"": [""데이터 - 20GB+다 쓰면 최대 1Mbps"", ""통화량 - 집/이동전화무제한(+영상/부가300분)"", ""문자 - 기본제공"", [""기본 데이터 한번 더 제공"", ""OTT 1개"", ""콘텐츠1개50% 할인""]]}"
"29","요고 34","KT","34,000 ","통신사","{""content"": [""데이터 - 15GB+다 쓰면 최대 400Kbps"", ""통화량 - 집/이동전화무제한(+영상/부가300분)"", ""문자 - 기본제공"", [""기본 데이터 한번 더 제공"", ""OTT 1개"", ""콘텐츠1개50% 할인""]]}"
"30","요고 32","KT","32,000 ","통신사","{""content"": [""데이터 - 10GB+다 쓰면 최대 400Kbps"", ""통화량 - 집/이동전화무제한(+영상/부가300분)"", ""문자 - 기본제공"", [""기본 데이터 한번 더 제공"", ""OTT 1개"", ""콘텐츠1개50% 할인""]]}"
"31","요고 30","KT","30,000 ","통신사","{""content"": [""데이터 - 8GB+다 쓰면 최대 400Kbps"", ""통화량 - 집/이동전화무제한(+영상/부가300분)"", ""문자 - 기본제공"", [""기본 데이터 한번 더 제공"", ""OTT 1개"", ""콘텐츠1개50% 할인""]]}"
"32","초이스 프리미엄","KT","130,000 ","통신사","{""content"": [""데이터 - 무제한"", ""통화량 - 집/이동전화무제한(+영상/부가300분)"", ""문자 - 기본제공"", [""데이터 로밍 : 무제한\n(최대 3Mbps\n속도제어)"", ""택1(티빙/지니/밀리,넷플릭스,유튜브 프리미엄2),디즈니+,위버스,삼성,디바이스,폰케어,가전구독)"", ""택1(지니뮤직,밀리의서재,블라이스 셀렉트)"", ""단말보험 가입 및 납부 고객 월정액 요금을 멤버십 월 최대 4,500원 할인3)"", ""1회선 무료"", ""1회선 무료"", ""만 34세 이하 공유데이터 2배 제공, (초이스 베이직) 스마트기기 1회선 무료(선택 시, 데이터쉐어링 혜택 제외)""]]}"
"33","초이스 스페셜","KT","110,000 ","통신사","{""content"": [""데이터 - 무제한"", ""통화량 - 집/이동전화무제한(+영상/부가300분)"", ""문자 - 기본제공"", [""데이터 로밍 : 무제한\n(최대 100Kbps\n속도제어)"", ""택1(티빙/지니/밀리,넷플릭스,유튜브 프리미엄2),디즈니+,위버스,삼성,디바이스,폰케어,가전구독)"", ""택1(지니뮤직,밀리의서재,블라이스 셀렉트)"", ""단말보험 가입 및 납부 고객 월정액 요금을 멤버십 월 최대 4,500원 할인3)"", ""1회선 무료"", ""1회선 무료"", ""만 34세 이하 공유데이터 2배 제공, (초이스 베이직) 스마트기기 1회선 무료(선택 시, 데이터쉐어링 혜택 제외)""]]}"
"34","초이스베이직","KT","90,000 ","통신사","{""content"": [""데이터 - 무제한"", ""통화량 - 집/이동전화무제한(+영상/부가300분)"", ""문자 - 기본제공"", [""데이터 로밍 : 무제한\n(최대 100Kbps\n속도제어)"", ""택1(티빙/지니/밀리,넷플릭스,유튜브 프리미엄2),디즈니+,위버스,삼성,디바이스,폰케어,가전구독)"", ""1회선 무료"", ""만 34세 이하 공유데이터 2배 제공, (초이스 베이직) 스마트기기 1회선 무료(선택 시, 데이터쉐어링 혜택 제외)""]]}"
"35","스페셜","KT","100,000 ","통신사","{""content"": [""데이터 - 무제한"", ""통화량 - 집/이동전화무제한(+영상/부가300분)"", ""문자 - 기본제공"", [""무제한(최대100Kbps속도제어)"", ""단말보험 가입 및 납부 고객 월정액 요금을 멤버십 월 최대 4,500원 할인3)"", ""1회선 무료"", ""만 34세 이하 : 공유데이터 2배 제공 (베이직), 스마트기기 1회선 50% 할인""]]}"
"36","베이직","KT","80,000 ","통신사","{""content"": [""데이터 - 무제한"", ""통화량 - 집/이동전화무제한(+영상/부가300분)"", ""문자 - 기본제공"", [""무제한(최대100Kbps속도제어)""]]}"
"37","5G 심플 110GB","KT","69,000 ","통신사","{""content"": [""데이터 - 110GB+다 쓰면 최대 5Mbps"", ""통화량 - 집/이동전화무제한(+영상/부가300분)"", ""문자 - 기본제공"", [""만 34세 이하 : 기본데이터 2배 제공""]]}"
"38","5G 심플 90GB","KT","67,000 ","통신사","{""content"": [""데이터 - 90GB+다 쓰면 최대 1Mbps"", ""통화량 - 집/이동전화무제한(+영상/부가300분)"", ""문자 - 기본제공"", [""만 34세 이하 : 기본데이터 2배 제공""]]}"
"39","5G 심플 70GB","KT","65,000 ","통신사","{""content"": [""데이터 - 70GB+다 쓰면 최대 1Mbps"", ""통화량 - 집/이동전화무제한(+영상/부가300분)"", ""문자 - 기본제공"", [""만 34세 이하 : 기본데이터 2배 제공""]]}"
"40","5G 심플 50GB","KT","63,000 ","통신사","{""content"": [""데이터 - 50GB+다 쓰면 최대 1Mbps"", ""통화량 - 집/이동전화무제한(+영상/부가300분)"", ""문자 - 기본제공"", [""만 34세 이하 : 기본데이터 2배 제공""]]}"
"41","5G 심플 30GB","KT","61,000 ","통신사","{""content"": [""데이터 - 30GB+다 쓰면 최대 1Mbps"", ""통화량 - 집/이동전화무제한(+영상/부가300분)"", ""문자 - 기본제공"", [""만 34세 이하 : 기본데이터 2배 제공""]]}"
"42","5G 슬림 21GB","KT","58,000 ","통신사","{""content"": [""데이터 - 21GB+다 쓰면 최대 1Mbps"", ""통화량 - 집/이동전화무제한(+영상/부가300분)"", ""문자 - 기본제공"", [""만 34세 이하 : 기본데이터 2배 제공""]]}"
"43","5G 슬림 14GB","KT","55,000 ","통신사","{""content"": [""데이터 - 14GB+다 쓰면 최대 1Mbps"", ""통화량 - 집/이동전화무제한(+영상/부가300분)"", ""문자 - 기본제공"", [""만 34세 이하 : 기본데이터 2배 제공""]]}"
"44","5G 슬림 10GB","KT","50,000 ","통신사","{""content"": [""데이터 - 10GB+다 쓰면 최대 400Kbps"", ""통화량 - 집/이동전화무제한(+영상/부가300분)"", ""문자 - 기본제공"", [""만 34세 이하 : 기본데이터 2배 제공""]]}"
"45","5G 슬림 7GB","KT","45,000 ","통신사","{""content"": [""데이터 - 7GB+다 쓰면 최대 400Kbps"", ""통화량 - 집/이동전화무제한(+영상/부가300분)"", ""문자 - 기본제공"", [""만 34세 이하 : 기본데이터 2배 제공""]]}"
"46","5G 슬림 4GB","KT","37,000 ","통신사","{""content"": [""데이터 - 4GB+다 쓰면 최대 400Kbps"", ""통화량 - 집/이동전화무제한(+영상/부가300분)"", ""문자 - 기본제공"", [""만 34세 이하 : 기본데이터 2배 제공""]]}"
"47","5G 슬림(이월) 21GB","KT","58,000 ","통신사","{""content"": [""데이터 - 21GB (+이월)"", ""통화량 - 집/이동전화무제한(+영상/부가300분)"", ""문자 - 기본제공"", [""만 34세 이하 : 기본데이터 2배 제공""]]}"
"48","5G 슬림(이월) 14GB","KT","55,000 ","통신사","{""content"": [""데이터 - 14GB (+이월)"", ""통화량 - 집/이동전화무제한(+영상/부가300분)"", ""문자 - 기본제공"", [""만 34세 이하 : 기본데이터 2배 제공""]]}"
"49","5G 슬림(이월) 10GB","KT","50,000 ","통신사","{""content"": [""데이터 - 10GB (+이월)"", ""통화량 - 집/이동전화무제한(+영상/부가300분)"", ""문자 - 기본제공"", [""만 34세 이하 : 기본데이터 2배 제공""]]}"
"50","5G 슬림(이월) 7GB","KT","45,000 ","통신사","{""content"": [""데이터 - 7GB (+이월)"", ""통화량 - 집/이동전화무제한(+영상/부가300분)"", ""문자 - 기본제공"", [""만 34세 이하 : 기본데이터 2배 제공""]]}"
"51","5G 슬림(이월) 4GB","KT","37,000 ","통신사","{""content"": [""데이터 - 4GB (+이월)"", ""통화량 - 집/이동전화무제한(+영상/부가300분)"", ""문자 - 기본제공"", [""만 34세 이하 : 기본데이터 2배 제공""]]}"
"52","Y 스페셜","KT","100,000 ","통신사","{""content"": [""데이터 - 무제한"", ""통화량 - 집/이동전화무제한(+영상/부가300분)"", ""문자 - 기본제공"", [""무제한(최대 1Mbps속도제한)"", ""단말보험 가입 및 납부 고객 월정액 요금을 멤버십 월 최대 4,500원 할인3)"", ""스마트기기 1회선 무료(스마트기기 또는 데이터쉐어링 중 택1)""]]}"
"53","Y 베이직","KT","80,000 ","통신사","{""content"": [""데이터 - 무제한"", ""통화량 - 집/이동전화무제한(+영상/부가300분)"", ""문자 - 기본제공"", [""무제한(최대 1Mbps속도제한)"", ""스마트기기 50%할인""]]}"
"54","Y 슬림","KT","55,000 ","통신사","{""content"": [""데이터 - 14GB+다 쓰면 최대 1Mbps"", ""통화량 - 집/이동전화무제한(+영상/부가300분)"", ""문자 - 기본제공"", [""무제한(최대 100Kbps속도제한)""]]}"
"55","5G Y틴","KT","47,000 ","통신사","{""content"": [""데이터 - 10GB+다 쓰면 최대 1Mbps"", ""통화량 - 집/이동전화무제한(+영상/부가300분)"", ""문자 - 기본제공"", [""공유데이터 10GB 추가 제공""]]}"
"56","5G 주니어","KT","38,000 ","통신사","{""content"": [""데이터 - 5GB+다 쓰면 최대 1Mbps"", ""통화량 - 집/이동전화무제한(+영상/부가300분)"", ""문자 - 기본제공"", [""KT 안심박스 무료제공""]]}"
"57","5G 주니어 슬림","KT","28,000 ","통신사","{""content"": [""데이터 - 3GB+다 쓰면 최대 400Kbps"", ""통화량 - 집/이동전화무제한(+영상/부가300분)"", ""문자 - 기본제공"", [""KT 안심박스 무료제공""]]}"
"58","어 베이직","KT","49,000 ","통신사","{""content"": [""데이터 - 15GB+다 쓰면 최대 1Mbps"", ""통화량 - 집/이동전화무제한(+영상/부가300분)"", ""문자 - 기본제공"", [""KT 안심박스 무료제공"", ""만 65세 이상""]]}"
"59","5G 시니어 A형","KT","44,000 ","통신사","{""content"": [""데이터 - 10GB+다 쓰면 최대 1Mbps"", ""통화량 - 집/이동전화무제한(+영상/부가300분)"", ""문자 - 기본제공"", [""KT 안심박스 무료제공"", ""만 65세 이상""]]}"
"60","5G 시니어 B형","KT","42,000 ","통신사","{""content"": [""데이터 - 9GB+다 쓰면 최대 1Mbps"", ""통화량 - 집/이동전화무제한(+영상/부가300분)"", ""문자 - 기본제공"", [""KT 안심박스 무료제공"", ""만 75세 이상""]]}"
"61","5G 시니어 C형","KT","41,000 ","통신사","{""content"": [""데이터 - 8GB+다 쓰면 최대 1Mbps"", ""통화량 - 집/이동전화무제한(+영상/부가300분)"", ""문자 - 기본제공"", [""KT 안심박스 무료제공"", ""만 80세 이상""]]}"
"62","5G 웰컴 5","KT","59,000 ","통신사","{""content"": [""데이터 - 5GB+다 쓰면 최대 5Mbps"", ""통화량 - 200분/200건"", ""문자 - 기본제공"", [""001 Free 무료"", ""GME 해외송금 수수료 무료 쿠폰2장"", ""출시 프로모션 : 20GB 추가 제공(기본 제공 데이터 추가 시 총 25GB/월)""]]}"
"63","5G 웰컴 3","KT","49,000 ","통신사","{""content"": [""데이터 - 3GB+다 쓰면 최대 3Mbps"", ""통화량 - 200분/200건"", ""문자 - 기본제공"", [""001 Free 무료"", ""GME 해외송금 수수료 무료 쿠폰2장"", ""출시 프로모션 : 데이터 속도 업그레이드 : 3Mbps →5Mbps""]]}"
"64","5G 웰컴 1","KT","39,000 ","통신사","{""content"": [""데이터 - 1GB+다 쓰면 최대 1Mbps"", ""통화량 - 200분/200건"", ""문자 - 기본제공"", [""001 Free 무료"", ""GME 해외송금 수수료 무료 쿠폰2장"", ""출시 프로모션 : 데이터 속도 업그레이드 : 1Mbps →3Mbps""]]}"
"65","5G 베이직 복지","KT","80,000 ","통신사","{""content"": [""데이터 - 무제한"", ""통화량 - 집/이동전화 무제한(+영상/부가통화 600분)"", ""문자 - 기본제공"", [""데이터로밍 : 무제한(최대 100Kbps속도제한)""]]}"
"66","5G 심플 복지","KT","69,000 ","통신사","{""content"": [""데이터 - 110GB+다 쓰면 최대 5Mbps"", ""통화량 - 집/이동전화 무제한(+영상/부가통화 600분)"", ""문자 - 기본제공"", """"]}"
"67","5G 슬림 복지","KT","55,000 ","통신사","{""content"": [""데이터 - 14GB+다 쓰면 최대 1Mbps"", ""통화량 - 집/이동전화 무제한(+영상/부가통화 600분)"", ""문자 - 기본제공"", """"]}"
"68","프리미엄","KT","89,000 ","통신사","{""content"": [""데이터 - 무제한"", ""통화량 - 집/이동전화무제한(+영상/부가300분)"", ""문자 - 기본제공"", [""단말보험 가입 및 납부 고객 월정액 요금을 멤버십 월 최대 4,500원 할인3)"", ""스마트기기요금 1회선 무료"", ""콘텐츠 필수팩 L3(지니/밀리) 무료""]]}"
"69","비디오 플러스","KT","69,000 ","통신사","{""content"": [""데이터 - 110GB+다 쓰면 최대 5Mbps"", ""통화량 - 집/이동전화무제한(+영상/부가300분)"", ""문자 - 기본제공"", """"]}"
"70","LTE 베이직","KT","33,000 ","통신사","{""content"": [""데이터 - 1.4GB(+밀당*)"", ""통화량 - 집/이동전화 무제한(+영상/부가 50분)"", ""문자 - 기본제공"", """"]}"
"71","Y데이터 ON 프리미엄","KT","89,000 ","통신사","{""content"": [""데이터 - 무제한"", ""통화량 - 집/이동전화무제한(+영상/부가300분)"", ""문자 - 기본제공"", [""단말보험 가입 및 납부 고객 월정액 요금을 멤버십 월 최대 4,500원 할인3)"", ""1회선 무료"", ""콘텐츠 필수팩 L3(지니/밀리) 무료""]]}"
"72","Y데이터 ON 비디오 플러스","KT","69,000 ","통신사","{""content"": [""데이터 - 110GB+다 쓰면 최대 5Mbps"", ""통화량 - 집/이동전화무제한(+영상/부가300분)"", ""문자 - 기본제공"", [""콘텐츠 필수팩 L3(지니/밀리) 50% 할인""]]}"
"73","Y베이직","KT","33,000 ","통신사","{""content"": [""데이터 - 2.5GB(+밀당*)"", ""통화량 - 집/이동전화 무제한(+영상/부가 50분)"", ""문자 - 기본제공"", """"]}"
"74","Y틴ON","KT","33,000 ","통신사","{""content"": [""데이터 - 2.5GB+다 쓰면 최대 400Kbps"", ""통화량 - 집/이동전화 무제한(+영상/부가 50분)"", ""문자 - 기본제공"", """"]}"
"75","Y틴 27","KT","27,390 ","통신사","{""content"": [""데이터 - 43,008알"", ""통화량 - 43,008알"", ""문자 - 일 200건"", """"]}"
"76","Y틴 20","KT","20,900 ","통신사","{""content"": [""데이터 - 28,672알"", ""통화량 - 28,672알"", ""문자 - 일 200건"", """"]}"
"77","Y주니어 ON","KT","24,000 ","통신사","{""content"": [""데이터 - 1.5GB+다 쓰면 최대 400Kbps"", ""통화량 - KT모바일끼리 무제한(그 외 음성통화 60분)"", ""문자 - 기본제공"", [""KT안심박스""]]}"
"78","Y주니어 19.8","KT","19,800 ","통신사","{""content"": [""데이터 - 900MB(18,432알)+다 쓰면 최대 400Kbps"", ""통화량 - KT모바일 지정 2회선 무제한"", ""문자 - 일 200건"", [""KT안심박스""]]}"
"79","키즈 알115","KT","12,650 ","통신사","{""content"": [""데이터 - 기본알 12,000알*문자 전용 추가 750알 (다 쓰면 기본알에서 이용 가능)"", ""통화량 - 기본알 12,000알*문자 전용 추가 750알 (다 쓰면 기본알에서 이용 가능)"", ""문자 - 750알"", [""KT안심박스""]]}"
"80","시니어 베이직","KT","33,000 ","통신사","{""content"": [""데이터 - 2GB(+밀당*)"", ""통화량 - 집/이동전화 기본제공(+영상/부가 100분)"", ""문자 - 기본제공"", [""KT 안심박스 무료제공""]]}"
"81","순 골든 20","KT","22,000 ","통신사","{""content"": [""데이터 - 500MB"", ""통화량 - 국내 음성통화 30% 할인(지정 3회선),영상통화 망내 100분"", ""문자 - "", [""데이터,음성,문자 조절 제공량 20,000원""]]}"
"82","골든 150","KT","16,500 ","통신사","{""content"": [""데이터 - 300MB"", ""통화량 - 국내 음성통화 30% 할인(지정 2회선),영상통화 망내 100분"", ""문자 - "", [""데이터,음성,문자 조절 제공량 13,000원""]]}"
"83","Y 군인77 Plus","KT","77,000 ","통신사","{""content"": [""데이터 - 무제한"", ""통화량 - 집/이동전화무제한(+영상/부가300분)"", ""문자 - 기본제공"", [""지니뮤직/밀리의서재/블라이스 셀렉트 중 2개 선택""]]}"
"84","Y 군인55 Plus","KT","55,000 ","통신사","{""content"": [""데이터 - 100GB+다 쓰면 최대 5Mbps"", ""통화량 - 집/이동전화무제한(+영상/부가300분)"", ""문자 - 기본제공"", [""지니뮤직/밀리의서재/블라이스 셀렉트 중 1개 선택""]]}"
"85","Y 군인33","KT","33,000 ","통신사","{""content"": [""데이터 - 일 2GB+다 쓰면 최대 3Mbps"", ""통화량 - 집/이동전화무제한(+영상/부가300분)"", ""문자 - 기본제공"", [""필수팩 L3(지니/밀리)""]]}"
"86","LTE 다이렉트 45","KT","45,000 ","통신사","{""content"": [""데이터 - 100GB+다 쓰면 최대 5Mbps"", ""통화량 - 집/이동전화무제한(+영상/부가300분)"", ""문자 - 기본제공"", """"]}"
"87","순 선택형 100분 250M","KT","20,900 ","통신사","{""content"": [""데이터 - 250M"", ""통화량 - 음성 100분"", ""문자 - 문자 100건"", """"]}"
"88","순 선택형 180분 250M","KT","29,700 ","통신사","{""content"": [""데이터 - 250M"", ""통화량 - 음성 180분"", ""문자 - 문자 180건"", """"]}"
"89","순 망내무한 선택형 100분 250M","KT","27,830 ","통신사","{""content"": [""데이터 - 250M"", ""통화량 - KT 모바일끼리 음성 무제한(그외 음성통화100분 제공)"", ""문자 - 기본제공"", """"]}"
"90","순 망내무한 선택형 180분 250M","KT","31,020 ","통신사","{""content"": [""데이터 - 250M"", ""통화량 - KT 모바일끼리 음성 무제한(그외 음성통화180분 제공)"", ""문자 - 기본제공"", """"]}"
"91","순 선택형 100분 1GB","KT","27,500 ","통신사","{""content"": [""데이터 - 1GB"", ""통화량 - 음성 100분"", ""문자 - 문자 100건"", """"]}"
"92","순 선택형 180분 1GB","KT","31,900 ","통신사","{""content"": [""데이터 - 1GB"", ""통화량 - 음성 180분"", ""문자 - 문자 180건"", """"]}"
"93","순 망내무한 선택형 100분 1GB","KT","32,230 ","통신사","{""content"": [""데이터 - 1GB"", ""통화량 - KT 모바일끼리 음성 무제한(그외 음성통화100분 제공)"", ""문자 - 기본제공"", """"]}"
"94","순 망내무한 선택형 180분 1GB","KT","35,200 ","통신사","{""content"": [""데이터 - 1GB"", ""통화량 - KT 모바일끼리 음성 무제한(그외 음성통화180분 제공)"", ""문자 - 기본제공"", """"]}"
"95","순 선택형 100분 2GB","KT","30,800 ","통신사","{""content"": [""데이터 - 2GB"", ""통화량 - 음성 100분"", ""문자 - 문자 100건"", """"]}"
"96","음성 18.7","KT","18,700 ","통신사","{""content"": [""데이터 - 데이터 사용 기본 차단"", ""통화량 - 100분"", ""문자 - 100건"", """"]}"
"97","음성 12.1","KT","12,100 ","통신사","{""content"": [""데이터 - 데이터 사용 기본 차단"", ""통화량 - "", ""문자 - 50건"", """"]}"
"98","데이터ON 나눔","KT","49,000 ","통신사","{""content"": [""데이터 - 6GB+다 쓰면 최대 1Mbps"", ""통화량 - 집/이동전화무제한(+영상/부가600분)"", ""문자 - 기본제공"", """"]}"
"99","나눔 베이직","KT","33,000 ","통신사","{""content"": [""데이터 - 2GB(+밀당*)"", ""통화량 - 집/이동전화무제한(+영상/부가600분)"", ""문자 - 기본제공"", """"]}"
"100","웰컴 5_선불","KT","55,000 ","통신사","{""content"": [""데이터 - 5GB+다 쓰면 최대 5Mbps"", ""통화량 - 200분(+영상/부가 통화 30분)"", ""문자 - 200건"", [""사용기간 30일""]]}"
"101","웰컴 3_선불","KT","45,000 ","통신사","{""content"": [""데이터 - 3GB+다 쓰면 최대 3Mbps"", ""통화량 - 200분(+영상/부가 통화 30분)"", ""문자 - 200건"", [""사용기간 30일""]]}"
"102","웰컴 1_선불","KT","35,000 ","통신사","{""content"": [""데이터 - 1GB+다 쓰면 최대 1Mbps"", ""통화량 - 200분(+영상/부가 통화 30분)"", ""문자 - 200건"", [""사용기간 30일""]]}"
"103","순 완전무한99(3G)","KT","108,900 ","통신사","{""content"": [""데이터 - 25 GB+초과 시(일2GB+최대3Mbps 속도제어)"", ""통화량 - 집/이동전화무제한(+영상/부가200분)"", ""문자 - 기본제공"", """"]}"
"104","순 완전무한77(3G)","KT","84,700 ","통신사","{""content"": [""데이터 - 17 GB+초과 시(일2GB+최대3Mbps 속도제어)"", ""통화량 - 집/이동전화무제한(+영상/부가200분)"", ""문자 - 기본제공"", """"]}"
"105","순 완전무한61(3G)","KT","67,100 ","통신사","{""content"": [""데이터 - 10 GB+초과 시(일2GB+최대3Mbps 속도제어)"", ""통화량 - 집/이동전화무제한(+영상/부가200분)"", ""문자 - 기본제공"", """"]}"
"106","순 완전무한51(3G)","KT","56,100 ","통신사","{""content"": [""데이터 - 5 GB"", ""통화량 - 집/이동전화무제한(+영상/부가200분)"", ""문자 - 기본제공"", [""남은 데이터 이월""]]}"
"107","순 모두다올레41(3G)","KT","45,100 ","통신사","{""content"": [""데이터 - 2.5 GB"", ""통화량 - 250분, KT 모바일끼리 무제한"", ""문자 - 기본제공"", [""남은 데이터 이월""]]}"
"108","순 모두다올레34(3G)","KT","37,400 ","통신사","{""content"": [""데이터 - 1.5 GB"", ""통화량 - 185분, KT 모바일끼리 무제한"", ""문자 - 기본제공"", [""남은 데이터 이월""]]}"
"109","순 모두다올레28(3G)","KT","30,800 ","통신사","{""content"": [""데이터 - 750MB"", ""통화량 - 130분, KT 모바일끼리 무제한"", ""문자 - 기본제공"", [""남은 데이터 이월""]]}"
"110","순 알23(3G)","KT","25,300 ","통신사","{""content"": [""데이터 - 500 MB(20,480알)"", ""통화량 - 33,000알, 남은 알 무제한 이월"", ""문자 - 20,000알"", """"]}"
"111","순 골든20(3G)","KT","22,000 ","통신사","{""content"": [""데이터 - 조절제공 20,000원"", ""통화량 - 300 MB"", ""문자 - KT 안심박스 무료제공"", [""지정한 3개 번호 국내음성통화료 30%확인""]]}"
"112","순 손말나눔23(3G)","KT","25,300 ","통신사","{""content"": [""데이터 - 300MB"", ""통화량 - 영상 120분"", ""문자 - 1,000건"", """"]}"
"113","순 소리나눔23(3G)","KT","25,300 ","통신사","{""content"": [""데이터 - 300MB"", ""통화량 - 음성 250분"", ""문자 - 100건"", """"]}"
"114","순 i-슬림(3G)","KT","23,100 ","통신사","{""content"": [""데이터 - 100 MB"", ""통화량 - 150분"", ""문자 - 200건"", """"]}"
"115","순 i-밸류(3G)","KT","39,600 ","통신사","{""content"": [""데이터 - 무제한(장애우려시, 일 75MB 소진후 속도제어)"", ""통화량 - 300분"", ""문자 - 300건"", """"]}"
"116","신 표준","KT","13,200 ","통신사","{""content"": [""데이터 - "", ""통화량 - 영상 통화 일 3분"", ""문자 - 50건"", [""통화 초과 초당 1.98원(영상 3.3원)"", ""무선 데이터 통화 2,000원 제공"", ""출근 시간(05:00~09:00)에 사용한 데이터 통화료 50%추가 할인 (피처폰 이용시 적용)""]]}"
"117","표준 요금제","KT","12,100 ","통신사","{""content"": [""데이터 - "", ""통화량 - 기본 없음"", ""문자 - 50건"", [""통화 초과 초당 1.98원(영상 3.3원)"", ""출근 시간(05:00~09:00)에 사용한 데이터 통화료 50%추가 할인 (피처폰 이용시 적용)""]]}"
"118","슬림","KT","10,450 ","통신사","{""content"": [""데이터 - "", ""통화량 - 기본 없음"", ""문자 - 단문메시지(SMS)/장문메시지(LMS) 30건 + 단문메시지(SMS) 50건"", [""통화 초과 초당 1.98원(영상 3.3원)"", ""출근 시간(05:00~09:00)에 사용한 데이터 통화료 50%추가 할인 (피처폰 이용시 적용)""]]}"
"119","3G 효 요금제","KT","9,680 ","통신사","{""content"": [""데이터 - "", ""통화량 - 음성 30분 + 영상 30분"", ""문자 - 단문메시지(SMS)/장문메시지(LMS) 30건 + 단문메시지(SMS) 50건"", [""국내 음성통화료 30%할인 (지정된 휴대전화번호 1개까지)"", ""발신번호 표시 무료 제공""]]}"
"120","키즈 알115(3G)","KT","12,650 ","통신사","{""content"": [""데이터 - "", ""통화량 - 12,000알"", ""문자 - 750알"", [""KT 안심박스 무료제공 ""]]}"
"121","Style 180","KT","19,800 ","통신사","{""content"": [""데이터 - 직접 데이터 선택 가능"", ""통화량 - 100분"", ""문자 - 50건 +직접 데이터 선택 가능"", [""Style 문자""]]}"
"122","Style 270","KT","29,700 ","통신사","{""content"": [""데이터 - 직접 데이터 선택 가능"", ""통화량 - 160분"", ""문자 - 50건 +직접 데이터 선택 가능"", [""Style 문자""]]}"
"123","Style 320","KT","35,200 ","통신사","{""content"": [""데이터 - 직접 데이터 선택 가능"", ""통화량 - 210분"", ""문자 - 50건 +직접 데이터 선택 가능"", [""Style 문자""]]}"
"124","Style 350","KT","38,500 ","통신사","{""content"": [""데이터 - 직접 데이터 선택 가능"", ""통화량 - 300분"", ""문자 - 50건 +직접 데이터 선택 가능"", [""Style 문자""]]}"
"125","Style 450","KT","49,500 ","통신사","{""content"": [""데이터 - 직접 데이터 선택 가능"", ""통화량 - 400분"", ""문자 - 50건 +직접 데이터 선택 가능"", [""Style 문자""]]}"
"126","알스마트 190","KT","20,900 ","통신사","{""content"": [""데이터 - 150 MB(6,144알)"", ""통화량 - 20,000알 + 무제한 이월"", ""문자 - 20,000알"", """"]}"
"127","알스마트 240","KT","26,400 ","통신사","{""content"": [""데이터 - 300 MB(12,288알)"", ""통화량 - 27,000알 + 무제한 이월"", ""문자 - 20,000알"", """"]}"
"128","알스마트 340","KT","37,400 ","통신사","{""content"": [""데이터 - 500 MB(20,480알)"", ""통화량 - 33,000알 + 무제한 이월"", ""문자 - 20,000알"", """"]}"
"129","알스마트 440","KT","48,400 ","통신사","{""content"": [""데이터 - 1 GB(41,944알)"", ""통화량 - 52,000알 + 무제한 이월"", ""문자 - 20,000알"", """"]}"
"130","알캡 140","KT","15,400","통신사","{""content"": [""데이터 - 데이터통화료 50% 추가 할인"", ""통화량 - 10,800알"", ""문자 - 8,250알 + 500알"", [""폰트문자 1개월 무료 제공""]]}"
"131","골든 스마트 150","KT","16,500 ","통신사","{""content"": [""데이터 - 300 MB"", ""통화량 - 음성50분, 영상30분"", ""문자 - 100건"", [""KT 안심박스""]]}"
"132","손말 요금제","KT","15,400","통신사","{""content"": [""데이터 - "", ""통화량 - 기본 없음"", ""문자 - 500건"", [""통화 초과 초당 1.98원(영상 3.3원)"", ""단문메시지(SMS)/장문메시지(LMS) 제공건수 초과시 70% 할인"", ""출근시간(05:00~09:00)에 사용한 데이터 통화료 50% 추가 할인"", ""발신번호표시 무료 제공"", ""국내영상통화 100분 제공""]]}"
"133","복지15000 요금제","KT","16,500 ","통신사","{""content"": [""데이터 - "", ""통화량 - 10,000알"", ""문자 - 750알"", [""아이서치 서비스 제공"", ""출근시간(05:00~09:00)에 사용한 데이터 통화료 50% 추가 할인"", ""발신번호표시 무료 제공""]]}"
"134","데이터 무제한 1","LG","69,000 ","통신사","{""content"": [""데이터 - 무제한"", ""통화량 - 기본 제공"", ""문자 - 기본 제공"", [""OTT, 구독 등 최대 월 31,800원 무료 혜택"", ""콘텐츠, 음악 감상 등 최대 월 11,900원 혜택"", ""네이버페이 등 매달 최대 12,000원 쿠폰 지급"", ""넷플릭스 이용 가능한 U+VIP콕 등급 혜택"", ""스마트기기 월정액 할인 최대 월 22,000원"", ""참 쉬운 가족 결합 할인 최대 월 6,600원"", ""피싱/해킹 안심 서비스 무료 가입 혜택""]]}"
"135","데이터 무제한 2","LG","65,000 ","통신사","{""content"": [""데이터 - 무제한"", ""통화량 - 기본 제공"", ""문자 - 기본 제공"", [""OTT, 구독 등 최대 월 31,800원 무료 혜택"", ""(멀티팩 혜택) 콘텐츠, 음악 감상 등 미디어 혜택"", ""네이버페이 등 매달 최대 12,000원 쿠폰 지급"", ""넷플릭스 이용 가능한 U+VIP콕 등급 혜택"", ""스마트기기 월정액 할인 최대 월 11,000원"", ""참 쉬운 가족 결합 할인 최대 월 4,400원"", ""피싱/해킹 안심 서비스 무료 가입 혜택""]]}"
"136","데이터 무제한 3","LG","59,000 ","통신사","{""content"": [""데이터 - 무제한"", ""통화량 - 기본 제공"", ""문자 - 기본 제공"", [""OTT, 구독 등 최대 월 23,900원 무료 혜택"", ""(멀티팩 혜택) 콘텐츠, 음악 감상 등 미디어 혜택"", ""네이버페이 매월 2만원 제공"", ""네이버플러스 멤버십 및 영화 예매 등 U+VIP콕 등급 혜택"", ""참 쉬운 가족 결합 할인 최대 월 4,400원"", ""피싱/해킹 안심 서비스 무료 가입 혜택""]]}"
"137","데이터 150GB + 5Mbps","LG","51,000 ","통신사","{""content"": [""데이터 - 150GB"", ""통화량 - 기본 제공"", ""문자 - 기본 제공"", [""네이버페이 매달 5,000원 지급"", ""참 쉬운 가족 결합 할인 최대 월 4,400원"", ""피싱/해킹 안심 서비스 무료 가입 혜택""]]}"
"138","데이터 100GB + 3Mbps","LG","47,000 ","통신사","{""content"": [""데이터 - 100GB"", ""통화량 - 기본 제공"", ""문자 - 기본 제공"", [""네이버페이 매월 2만원 제공"", ""참 쉬운 가족 결합 할인 최대 월 4,400원"", ""피싱/해킹 안심 서비스 무료 가입 혜택""]]}"
"139","데이터 80GB + 1Mbps","LG","46,000 ","통신사","{""content"": [""데이터 - 80GB"", ""통화량 - 기본 제공"", ""문자 - 기본 제공"", [""네이버페이 매달 5,000원 지급"", ""참 쉬운 가족 결합 할인 최대 월 4,400원"", ""피싱/해킹 안심 서비스 무료 가입 혜택""]]}"
"140","데이터 50GB + 1Mbps","LG","45,000 ","통신사","{""content"": [""데이터 - 50GB"", ""통화량 - 기본 제공"", ""문자 - 기본 제공"", [""네이버페이 매달 5,000원 지급"", ""참 쉬운 가족 결합 할인 최대 월 4,400원"", ""피싱/해킹 안심 서비스 무료 가입 혜택""]]}"
"141","데이터 41GB + 1Mbps","LG","44,000 ","통신사","{""content"": [""데이터 - 41GB"", ""통화량 - 기본 제공"", ""문자 - 기본 제공"", [""네이버페이 매달 5,000원 지급"", ""참 쉬운 가족 결합 할인 최대 월 4,400원"", ""피싱/해킹 안심 서비스 무료 가입 혜택""]]}"
"142","데이터 38GB + 1Mbps","LG","43,000 ","통신사","{""content"": [""데이터 - 38GB"", ""통화량 - 기본 제공"", ""문자 - 기본 제공"", [""네이버페이 매달 5,000원 지급"", ""참 쉬운 가족 결합 할인 최대 월 4,400원"", ""피싱/해킹 안심 서비스 무료 가입 혜택""]]}"
"143","데이터 36GB + 1Mbps","LG","42,000 ","통신사","{""content"": [""데이터 - 36GB"", ""통화량 - 기본 제공"", ""문자 - 기본 제공"", [""네이버페이 매달 5,000원 지급"", ""참 쉬운 가족 결합 할인 최대 월 4,400원"", ""피싱/해킹 안심 서비스 무료 가입 혜택""]]}"
"144","데이터 33GB + 1Mbps","LG","41,000 ","통신사","{""content"": [""데이터 - 33GB"", ""통화량 - 기본 제공"", ""문자 - 기본 제공"", [""네이버페이 매달 5,000원 지급"", ""참 쉬운 가족 결합 할인 최대 월 4,400원"", ""피싱/해킹 안심 서비스 무료 가입 혜택""]]}"
"145","데이터 31GB + 1Mbps","LG","40,000 ","통신사","{""content"": [""데이터 - 31GB"", ""통화량 - 기본 제공"", ""문자 - 기본 제공"", [""네이버페이 매달 5,000원 지급"", ""참 쉬운 가족 결합 할인 최대 월 4,400원"", ""피싱/해킹 안심 서비스 무료 가입 혜택""]]}"
"146","데이터 27GB + 1Mbps","LG","39,000 ","통신사","{""content"": [""데이터 - 27GB"", ""통화량 - 기본 제공"", ""문자 - 기본 제공"", [""네이버페이 매달 5,000원 지급"", ""참 쉬운 가족 결합 할인 최대 월 4,400원"", ""피싱/해킹 안심 서비스 무료 가입 혜택""]]}"
"147","데이터 25GB + 1Mbps","LG","38,000 ","통신사","{""content"": [""데이터 - 25GB"", ""통화량 - 기본 제공"", ""문자 - 기본 제공"", [""네이버페이 매달 5,000원 지급"", ""참 쉬운 가족 결합 할인 최대 월 4,400원"", ""피싱/해킹 안심 서비스 무료 가입 혜택""]]}"
"148","데이터 22GB + 1Mbps","LG","37,000 ","통신사","{""content"": [""데이터 - 22GB"", ""통화량 - 기본 제공"", ""문자 - 기본 제공"", [""네이버페이 매달 5,000원 지급"", ""참 쉬운 가족 결합 할인 최대 월 4,400원"", ""피싱/해킹 안심 서비스 무료 가입 혜택""]]}"
"149","데이터 20GB + 1Mbps","LG","36,000 ","통신사","{""content"": [""데이터 - 20GB"", ""통화량 - 기본 제공"", ""문자 - 기본 제공"", [""네이버페이 매달 5,000원 지급"", ""참 쉬운 가족 결합 할인 최대 월 4,400원"", ""피싱/해킹 안심 서비스 무료 가입 혜택""]]}"
"150","데이터 17GB + 1Mbps","LG","35,000 ","통신사","{""content"": [""데이터 - 17GB"", ""통화량 - 기본 제공"", ""문자 - 기본 제공"", [""네이버페이 매달 5,000원 지급"", ""참 쉬운 가족 결합 할인 최대 월 4,400원"", ""피싱/해킹 안심 서비스 무료 가입 혜택""]]}"
"151","데이터 15GB + 400Kbps","LG","34,000 ","통신사","{""content"": [""데이터 - 15GB"", ""통화량 - 기본 제공"", ""문자 - 기본 제공"", [""네이버페이 매달 5,000원 지급"", ""참 쉬운 가족 결합 할인 최대 월 4,400원"", ""피싱/해킹 안심 서비스 무료 가입 혜택""]]}"
"152","데이터 12GB + 400Kbps","LG","33,000 ","통신사","{""content"": [""데이터 - 12GB"", ""통화량 - 기본 제공"", ""문자 - 기본 제공"", [""참 쉬운 가족 결합 할인 최대 월 4,400원"", ""피싱/해킹 안심 서비스 무료 가입 혜택""]]}"
"153","데이터 10GB + 400Kbps","LG","32,000 ","통신사","{""content"": [""데이터 - 10GB"", ""통화량 - 기본 제공"", ""문자 - 기본 제공"", [""참 쉬운 가족 결합 할인 최대 월 4,400원"", ""피싱/해킹 안심 서비스 무료 가입 혜택""]]}"
"154","데이터 8GB + 400Kbps","LG","31,000 ","통신사","{""content"": [""데이터 - 8GB"", ""통화량 - 기본 제공"", ""문자 - 기본 제공"", [""참 쉬운 가족 결합 할인 최대 월 4,400원"", ""피싱/해킹 안심 서비스 무료 가입 혜택""]]}"
"155","데이터 7GB + 400Kbps","LG","30,000 ","통신사","{""content"": [""데이터 - 7GB"", ""통화량 - 기본 제공"", ""문자 - 기본 제공"", [""참 쉬운 가족 결합 할인 최대 월 4,400원"", ""피싱/해킹 안심 서비스 무료 가입 혜택""]]}"
"156","데이터 6GB + 400Kbps","LG","26,000 ","통신사","{""content"": [""데이터 - 6GB"", ""통화량 - 기본 제공"", ""문자 - 기본 제공"", [""참 쉬운 가족 결합 할인 최대 월 4,400원"", ""피싱/해킹 안심 서비스 무료 가입 혜택""]]}"
"157","5GX 프리미엄(유튜브 프리미엄)","SK","109,000 ","통신사","{""content"": [""데이터 - 무제한"", ""통화량 - 무제한"", ""문자 - 기본 제공"", [""유튜브 프리미엄 할인"", ""T 멤버십 VIP 혜택"", ""스마트기기 2회선 이용요금 무료""]]}"
"158","0 청년 109(유튜브 프리미엄)","SK","109,000 ","통신사","{""content"": [""데이터 - 무제한"", ""통화량 - 무제한"", ""문자 - 기본 제공"", [""유튜브 프리미엄 할인"", ""커피/영화/로밍 50% 할인"", ""T 멤버십 VIP 혜택"", ""스마트기기 2회선 이용요금 무료""]]}"
"159","다이렉트5G 76(유튜브 프리미엄)","SK","76,000 ","통신사","{""content"": [""데이터 - 무제한"", ""통화량 - 무제한"", ""문자 - 기본 제공"", [""유튜브 프리미엄 할인"", ""T 멤버십 VIP 혜택"", ""스마트기기 2회선 이용요금 무료""]]}"
"160","5GX 플래티넘(넷플릭스)","SK","125,000 ","통신사","{""content"": [""데이터 - 무제한"", ""통화량 - 무제한"", ""문자 - 기본 제공"", [""넷플릭스 프리미엄 제공"", ""T 멤버십 VIP 혜택"", ""스마트기기 2회선 이용요금 무료""]]}"
"161","5GX 프리미엄(넷플릭스)","SK","109,000 ","통신사","{""content"": [""데이터 - 무제한"", ""통화량 - 무제한"", ""문자 - 기본 제공"", [""넷플릭스 스탠다드 제공"", ""T 멤버십 VIP 혜택"", ""스마트기기 2회선 이용요금 무료""]]}"
"162","5GX 프라임플러스(넷플릭스)","SK","99,000 ","통신사","{""content"": [""데이터 - 무제한"", ""통화량 - 무제한"", ""문자 - 기본 제공"", [""넷플릭스 광고형 스탠다드 제공(최대 9,900원 할인)"", ""T 멤버십 VIP 혜택"", ""스마트기기 2회선 이용요금 무료""]]}"
"163","5GX 프라임(넷플릭스)","SK","89,000 ","통신사","{""content"": [""데이터 - 무제한"", ""통화량 - 무제한"", ""문자 - 기본 제공"", [""넷플릭스 광고형 스탠다드 할인"", ""T 우주패스, FLO 중 1개 할인"", ""T 멤버십 VIP 혜택"", ""스마트기기 1회선 이용요금 무료""]]}"
"164","0 청년 109(넷플릭스)","SK","109,000 ","통신사","{""content"": [""데이터 - 무제한"", ""통화량 - 무제한"", ""문자 - 기본 제공"", [""넷플릭스 스탠다드 제공"", ""커피/영화/로밍 50% 할인"", ""T 멤버십 VIP 혜택"", ""스마트기기 2회선 이용요금 무료""]]}"
"165","0 청년 99(넷플릭스)","SK","99,000 ","통신사","{""content"": [""데이터 - 무제한"", ""통화량 - 무제한"", ""문자 - 기본 제공"", [""넷플릭스 광고형 스탠다드 제공(최대 9,900원 할인)"", ""커피/영화/로밍 50% 할인"", ""T 멤버십 VIP 혜택"", ""스마트기기 2회선 이용요금 무료""]]}"
"166","0 청년 89(넷플릭스)","SK","89,000 ","통신사","{""content"": [""데이터 - 무제한"", ""통화량 - 무제한"", ""문자 - 기본 제공"", [""넷플릭스 광고형 스탠다드 할인"", ""커피/영화/로밍 50% 할인"", ""T 우주패스, FLO 중 1개 할인"", ""T 멤버십 VIP 혜택"", ""스마트기기 1회선 이용요금 무료""]]}"
"167","다이렉트5G 76(넷플릭스)","SK","76,000 ","통신사","{""content"": [""데이터 - 무제한"", ""통화량 - 무제한"", ""문자 - 기본 제공"", [""넷플릭스 스탠다드 제공"", ""T 멤버십 VIP 혜택"", ""스마트기기 2회선 이용요금 무료""]]}"
"168","다이렉트5G 69(넷플릭스)","SK","69,000 ","통신사","{""content"": [""데이터 - 무제한"", ""통화량 - 무제한"", ""문자 - 기본 제공"", [""넷플릭스 광고형 스탠다드 제공(최대 9,900원 할인)"", ""T 멤버십 VIP 혜택"", ""스마트기기 2회선 이용요금 무료""]]}"
"169","다이렉트5G 62(넷플릭스)","SK","62,000 ","통신사","{""content"": [""데이터 - 무제한"", ""통화량 - 무제한"", ""문자 - 기본 제공"", [""넷플릭스 광고형 스탠다드 할인"", ""T 우주패스, FLO 중 1개 할인"", ""T 멤버십 VIP 혜택"", ""스마트기기 1회선 이용요금 무료""]]}"
"170","0 청년 다이렉트 69(넷플릭스)","SK","69,000 ","통신사","{""content"": [""데이터 - 무제한"", ""통화량 - 무제한"", ""문자 - 기본 제공"", [""넷플릭스 광고형 스탠다드 제공(최대 9,900원 할인)"", ""커피/영화/로밍 50% 할인"", ""T 멤버십 VIP 혜택"", ""스마트기기 2회선 이용요금 무료""]]}"
"171","0 청년 다이렉트 62(넷플릭스)","SK","62,000 ","통신사","{""content"": [""데이터 - 무제한"", ""통화량 - 무제한"", ""문자 - 기본 제공"", [""넷플릭스 광고형 스탠다드 할인"", ""커피/영화/로밍 50% 할인"", ""T 우주패스, FLO 중 1개 할인"", ""T 멤버십 VIP 혜택"", ""스마트기기 1회선 이용요금 무료""]]}"
"172","5GX 플래티넘(티빙)","SK","125,000 ","통신사","{""content"": [""데이터 - 무제한"", ""통화량 - 무제한"", ""문자 - 기본 제공"", [""TVING & Wavve 프리미엄 제공"", ""T 멤버십 VIP 혜택"", ""스마트기기 2회선 이용요금 무료""]]}"
"173","5GX 프리미엄(티빙)","SK","109,000 ","통신사","{""content"": [""데이터 - 무제한"", ""통화량 - 무제한"", ""문자 - 기본 제공"", [""TVING & Wavve 스탠다드 제공"", ""T 멤버십 VIP 혜택"", ""스마트기기 2회선 이용요금 무료""]]}"
"174","0 청년 109(티빙)","SK","109,000 ","통신사","{""content"": [""데이터 - 무제한"", ""통화량 - 무제한"", ""문자 - 기본 제공"", [""TVING & Wavve 스탠다드 제공"", ""커피/영화/로밍 50% 할인"", ""T 멤버십 VIP 혜택"", ""스마트기기 2회선 이용요금 무료""]]}"
"175","다이렉트5G 76(티빙)","SK","76,000 ","통신사","{""content"": [""데이터 - 무제한"", ""통화량 - 무제한"", ""문자 - 기본 제공"", [""TVING & Wavve 스탠다드 제공"", ""T 멤버십 VIP 혜택"", ""스마트기기 2회선 이용요금 무료""]]}"
"176","5GX 프라임플러스(티빙)","SK","99,000 ","통신사","{""content"": [""데이터 - 무제한"", ""통화량 - 무제한"", ""문자 - 기본 제공"", [""TVING & Wavve 광고형 제공"", ""T 멤버십 VIP 혜택"", ""스마트기기 2회선 이용요금 무료""]]}"
"177","다이렉트5G 69(티빙)","SK","69,000 ","통신사","{""content"": [""데이터 - 무제한"", ""통화량 - 무제한"", ""문자 - 기본 제공"", [""TVING & Wavve 광고형 제공"", ""T 멤버십 VIP 혜택"", ""스마트기기 2회선 이용요금 무료""]]}"
"178","0 청년 99(티빙)","SK","99,000 ","통신사","{""content"": [""데이터 - 무제한"", ""통화량 - 무제한"", ""문자 - 기본 제공"", [""TVING & Wavve 광고형 제공"", ""커피/영화/로밍 50% 할인"", ""T 멤버십 VIP 혜택"", ""스마트기기 2회선 이용요금 무료""]]}"
"179","0 청년 다이렉트 69(티빙)","SK","69,000 ","통신사","{""content"": [""데이터 - 무제한"", ""통화량 - 무제한"", ""문자 - 기본 제공"", [""TVING & Wavve 광고형 제공"", ""커피/영화/로밍 50% 할인"", ""T 멤버십 VIP 혜택"", ""스마트기기 2회선 이용요금 무료""]]}"
"180","5GX 프리미엄(디즈니+)","SK","109,000 ","통신사","{""content"": [""데이터 - 무제한"", ""통화량 - 무제한"", ""문자 - 기본 제공"", [""디즈니+ 프리미엄"", ""T 멤버십 VIP 혜택"", ""스마트기기 2회선 이용요금 무료""]]}"
"181","0 청년 109(디즈니+)","SK","109,000 ","통신사","{""content"": [""데이터 - 무제한"", ""통화량 - 무제한"", ""문자 - 기본 제공"", [""디즈니+ 프리미엄"", ""커피/영화/로밍 50% 할인"", ""T 멤버십 VIP 혜택"", ""스마트기기 2회선 이용요금 무료""]]}"
"182","다이렉트5G 76(디즈니+)","SK","76,000 ","통신사","{""content"": [""데이터 - 무제한"", ""통화량 - 무제한"", ""문자 - 기본 제공"", [""디즈니+ 프리미엄"", ""T 멤버십 VIP 혜택"", ""스마트기기 2회선 이용요금 무료""]]}"
"183","5GX 프라임플러스(디즈니+)","SK","99,000 ","통신사","{""content"": [""데이터 - 무제한"", ""통화량 - 무제한"", ""문자 - 기본 제공"", [""디즈니+ 스탠다드"", ""T 멤버십 VIP 혜택"", ""스마트기기 2회선 이용요금 무료""]]}"
"184","0 청년 99(디즈니+)","SK","99,000 ","통신사","{""content"": [""데이터 - 무제한"", ""통화량 - 무제한"", ""문자 - 기본 제공"", [""디즈니+ 스탠다드"", ""커피/영화/로밍 50% 할인"", ""T 멤버십 VIP 혜택"", ""스마트기기 2회선 이용요금 무료""]]}"
"185","다이렉트5G 69(디즈니+)","SK","69,000 ","통신사","{""content"": [""데이터 - 무제한"", ""통화량 - 무제한"", ""문자 - 기본 제공"", [""디즈니+ 스탠다드"", ""T 멤버십 VIP 혜택"", ""스마트기기 2회선 이용요금 무료""]]}"
"186","0 청년 다이렉트 69(디즈니+)","SK","69,000 ","통신사","{""content"": [""데이터 - 무제한"", ""통화량 - 무제한"", ""문자 - 기본 제공"", [""디즈니+ 스탠다드"", ""커피/영화/로밍 50% 할인"", ""T 멤버십 VIP 혜택"", ""스마트기기 2회선 이용요금 무료""]]}"
"187","5GX 플래티넘(스마트기기)","SK","125,000 ","통신사","{""content"": [""데이터 - 무제한"", ""통화량 - 무제한"", ""문자 - 기본 제공"", [""스마트기기(워치/태블릿) 할부금 할인"", ""T 멤버십 VIP 혜택"", ""스마트기기 2회선 이용요금 무료""]]}"
"188","5GX 프리미엄(스마트기기)","SK","109,000 ","통신사","{""content"": [""데이터 - 무제한"", ""통화량 - 무제한"", ""문자 - 기본 제공"", [""스마트기기(워치/태블릿) 할부금 할인"", ""T 멤버십 VIP 혜택"", ""스마트기기 2회선 이용요금 무료""]]}"
"189","0 청년 109(스마트기기)","SK","109,000 ","통신사","{""content"": [""데이터 - 무제한"", ""통화량 - 무제한"", ""문자 - 기본 제공"", [""스마트기기(워치/태블릿) 할부금 할인"", ""커피/영화/로밍 50% 할인"", ""T 멤버십 VIP 혜택"", ""스마트기기 2회선 이용요금 무료""]]}"
"190","다이렉트5G 76(스마트기기)","SK","76,000 ","통신사","{""content"": [""데이터 - 무제한"", ""통화량 - 무제한"", ""문자 - 기본 제공"", [""스마트기기(워치/태블릿) 할부금 할인"", ""T 멤버십 VIP 혜택"", ""스마트기기 2회선 이용요금 무료""]]}"
"191","5GX 플래티넘(T 우주)","SK","125,000 ","통신사","{""content"": [""데이터 - 무제한"", ""통화량 - 무제한"", ""문자 - 기본 제공"", [""T 우주패스, FLO, Wavve 중 2개 무료"", ""T 멤버십 VIP 혜택"", ""스마트기기 2회선 이용요금 무료""]]}"
"192","5GX 프리미엄(T 우주)","SK","109,000 ","통신사","{""content"": [""데이터 - 무제한"", ""통화량 - 무제한"", ""문자 - 기본 제공"", [""T 우주패스+플러스 상품 2종 무료"", ""T 멤버십 VIP 혜택"", ""스마트기기 2회선 이용요금 무료""]]}"
"193","5GX 프라임플러스(T 우주)","SK","99,000 ","통신사","{""content"": [""데이터 - 무제한"", ""통화량 - 무제한"", ""문자 - 기본 제공"", [""T 우주패스, FLO, Wavve 중 1개 무료"", ""T 멤버십 VIP 혜택"", ""스마트기기 2회선 이용요금 무료""]]}"
"194","5GX 프라임","SK","89,000 ","통신사","{""content"": [""데이터 - 무제한"", ""통화량 - 무제한"", ""문자 - 기본 제공"", [""T 우주패스, FLO, Wavve 중 2개 할인"", ""T 멤버십 VIP 혜택"", ""스마트기기 1회선 이용요금 무료""]]}"
"195","5GX 레귤러플러스","SK","79,000 ","통신사","{""content"": [""데이터 - 250GB"", ""통화량 - 무제한"", ""문자 - 기본 제공"", [""스마트기기 1회선 이용요금 최대 50% 할인""]]}"
"196","5GX 레귤러","SK","69,000 ","통신사","{""content"": [""데이터 - 110GB"", ""통화량 - 무제한"", ""문자 - 기본 제공"", []]}"
"197","베이직플러스 75GB업","SK","68,000 ","통신사","{""content"": [""데이터 - 99GB"", ""통화량 - 무제한"", ""문자 - 기본 제공"", [""기본 제공 데이터 24GB + 데이터 충전 75GB""]]}"
"198","베이직플러스 50GB업","SK","66,000 ","통신사","{""content"": [""데이터 - 74GB"", ""통화량 - 무제한"", ""문자 - 기본 제공"", [""기본 제공 데이터 24GB + 데이터 충전 50GB""]]}"
"199","베이직플러스 30GB업","SK","64,000 ","통신사","{""content"": [""데이터 - 54GB"", ""통화량 - 무제한"", ""문자 - 기본 제공"", [""기본 제공 데이터 24GB + 데이터 충전 30GB""]]}"
"200","베이직플러스 13GB업","SK","62,000 ","통신사","{""content"": [""데이터 - 37GB"", ""통화량 - 무제한"", ""문자 - 기본 제공"", [""기본 제공 데이터 24GB + 데이터 충전 13GB""]]}"
"201","베이직플러스","SK","59,000 ","통신사","{""content"": [""데이터 - 24GB"", ""통화량 - 무제한"", ""문자 - 기본 제공"", [""데이터 충전 가능""]]}"
"202","베이직","SK","49,000 ","통신사","{""content"": [""데이터 - 11GB"", ""통화량 - 무제한"", ""문자 - 기본 제공"", [""데이터 충전 가능""]]}"
"203","슬림","SK","55,000 ","통신사","{""content"": [""데이터 - 15GB"", ""통화량 - 무제한"", ""문자 - 기본 제공"", [""데이터 충전 가능""]]}"
"204","컴팩트플러스","SK","45,000 ","통신사","{""content"": [""데이터 - 8GB"", ""통화량 - 무제한"", ""문자 - 기본 제공"", [""데이터 충전 가능""]]}"
"205","컴팩트","SK","39,000 ","통신사","{""content"": [""데이터 - 6GB"", ""통화량 - 무제한"", ""문자 - 기본 제공"", [""데이터 충전 가능""]]}"
"206","0 청년 109(T 우주)","SK","109,000 ","통신사","{""content"": [""데이터 - 무제한"", ""통화량 - 무제한"", ""문자 - 기본 제공"", [""커피/영화/로밍 50% 할인"", ""T 우주패스+플러스 상품 2종 무료"", ""T 멤버십 VIP 혜택"", ""스마트기기 2회선 이용요금 무료""]]}"
"207","0 청년 99(T 우주)","SK","99,000 ","통신사","{""content"": [""데이터 - 무제한"", ""통화량 - 무제한"", ""문자 - 기본 제공"", [""커피/영화/로밍 50% 할인"", ""T 우주패스, FLO, Wavve 중 1개 무료"", ""T 멤버십 VIP 혜택"", ""스마트기기 2회선 이용요금 무료""]]}"
"208","0 청년 89","SK","89,000 ","통신사","{""content"": [""데이터 - 무제한"", ""통화량 - 무제한"", ""문자 - 기본 제공"", [""커피/영화/로밍 50% 할인"", ""T 우주패스, FLO, Wavve 중 2개 할인"", ""T 멤버십 VIP 혜택"", ""스마트기기 1회선 이용요금 무료""]]}"
"209","0 청년 79","SK","79,000 ","통신사","{""content"": [""데이터 - 300GB"", ""통화량 - 무제한"", ""문자 - 기본 제공"", [""커피/영화/로밍 50% 할인"", ""스마트기기 1회선 이용요금 최대 50% 할인""]]}"
"210","0 청년 69","SK","69,000 ","통신사","{""content"": [""데이터 - 160GB"", ""통화량 - 무제한"", ""문자 - 기본 제공"", [""커피/영화/로밍 50% 할인""]]}"
"211","0 청년 59 100GB업","SK","68,000 ","통신사","{""content"": [""데이터 - 136GB"", ""통화량 - 무제한"", ""문자 - 기본 제공"", [""커피/영화/로밍 50% 할인"", ""기본 제공 데이터 36GB + 데이터 충전 100GB""]]}"
"212","0 청년 59 60GB업","SK","66,000 ","통신사","{""content"": [""데이터 - 96GB"", ""통화량 - 무제한"", ""문자 - 기본 제공"", [""커피/영화/로밍 50% 할인"", ""기본 제공 데이터 36GB + 데이터 충전 60GB""]]}"
"213","0 청년 59 36GB업","SK","64,000 ","통신사","{""content"": [""데이터 - 72GB"", ""통화량 - 무제한"", ""문자 - 기본 제공"", [""커피/영화/로밍 50% 할인"", ""기본 제공 데이터 36GB + 데이터 충전 36GB""]]}"
"214","0 청년 59 15GB업","SK","62,000 ","통신사","{""content"": [""데이터 - 51GB"", ""통화량 - 무제한"", ""문자 - 기본 제공"", [""커피/영화/로밍 50% 할인"", ""기본 제공 데이터 36GB + 데이터 충전 15GB""]]}"
"215","0 청년 59","SK","59,000 ","통신사","{""content"": [""데이터 - 36GB"", ""통화량 - 무제한"", ""문자 - 기본 제공"", [""커피/영화/로밍 50% 할인"", ""데이터 충전 가능""]]}"
"216","0 청년 49","SK","49,000 ","통신사","{""content"": [""데이터 - 15GB"", ""통화량 - 무제한"", ""문자 - 기본 제공"", [""커피/영화/로밍 50% 할인"", ""데이터 충전 가능""]]}"
"217","0 청년 43","SK","43,000 ","통신사","{""content"": [""데이터 - 8GB"", ""통화량 - 무제한"", ""문자 - 기본 제공"", [""커피/영화/로밍 50% 할인"", ""데이터 충전 가능""]]}"
"218","0 청년 37","SK","37,000 ","통신사","{""content"": [""데이터 - 6GB"", ""통화량 - 무제한"", ""문자 - 기본 제공"", [""커피/영화/로밍 50% 할인"", ""데이터 충전 가능""]]}"
"219","0틴 5G","SK","45,000 ","통신사","{""content"": [""데이터 - 9GB"", ""통화량 - 무제한"", ""문자 - 기본 제공"", """"]}"
"220","5G ZEM플랜 퍼펙트","SK","36,000 ","통신사","{""content"": [""데이터 - 6GB"", ""통화량 - 무제한"", ""문자 - 기본 제공"", """"]}"
"221","5G ZEM플랜 베스트","SK","26,000 ","통신사","{""content"": [""데이터 - 3GB"", ""통화량 - 무제한"", ""문자 - 기본 제공"", """"]}"
"222","5G 시니어 A형","SK","45,000 ","통신사","{""content"": [""데이터 - 10GB"", ""통화량 - 무제한"", ""문자 - 기본 제공"", """"]}"
"223","5G 시니어 B형","SK","44,000 ","통신사","{""content"": [""데이터 - 9GB"", ""통화량 - 무제한"", ""문자 - 기본 제공"", """"]}"
"224","5G 시니어 C형","SK","42,000 ","통신사","{""content"": [""데이터 - 8GB"", ""통화량 - 무제한"", ""문자 - 기본 제공"", """"]}"
"225","5G 행복누리 레귤러","SK","69,000 ","통신사","{""content"": [""데이터 - 110GB"", ""통화량 - 무제한"", ""문자 - 기본 제공"", """"]}"
"226","5G 행복누리 슬림","SK","55,000 ","통신사","{""content"": [""데이터 - 11GB"", ""통화량 - 무제한"", ""문자 - 기본 제공"", """"]}"
"227","다이렉트5G 76(T 우주)","SK","76,000 ","통신사","{""content"": [""데이터 - 무제한"", ""통화량 - 무제한"", ""문자 - 기본 제공"", [""T 우주패스+플러스 상품 2종 무료"", ""T 멤버십 VIP 혜택"", ""스마트기기 2회선 이용요금 무료""]]}"
"228","다이렉트5G 69(T 우주)","SK","69,000 ","통신사","{""content"": [""데이터 - 무제한"", ""통화량 - 무제한"", ""문자 - 기본 제공"", [""T 우주패스, FLO, Wavve 중 1개 무료"", ""T 멤버십 VIP 혜택"", ""스마트기기 2회선 이용요금 무료""]]}"
"229","다이렉트5G 62","SK","62,000 ","통신사","{""content"": [""데이터 - 무제한"", ""통화량 - 무제한"", ""문자 - 기본 제공"", [""T 우주패스, FLO, Wavve 중 2개 할인"", ""T 멤버십 VIP 혜택"", ""스마트기기 1회선 이용요금 무료""]]}"
"230","다이렉트5G 55","SK","55,000 ","통신사","{""content"": [""데이터 - 250GB"", ""통화량 - 무제한"", ""문자 - 기본 제공"", [""스마트기기 1회선 이용요금 최대 50% 할인""]]}"
"231","다이렉트5G 48","SK","48,000 ","통신사","{""content"": [""데이터 - 110GB"", ""통화량 - 무제한"", ""문자 - 기본 제공"", """"]}"
"232","다이렉트5G 42","SK","42,000 ","통신사","{""content"": [""데이터 - 24GB"", ""통화량 - 무제한"", ""문자 - 기본 제공"", """"]}"
"233","다이렉트5G 38","SK","38,000 ","통신사","{""content"": [""데이터 - 15GB"", ""통화량 - 무제한"", ""문자 - 기본 제공"", """"]}"
"234","다이렉트5G 34","SK","34,000 ","통신사","{""content"": [""데이터 - 11GB"", ""통화량 - 무제한"", ""문자 - 기본 제공"", """"]}"
"235","다이렉트5G 31","SK","31,000 ","통신사","{""content"": [""데이터 - 8GB"", ""통화량 - 무제한"", ""문자 - 기본 제공"", """"]}"
"236","다이렉트5G 27","SK","27,000 ","통신사","{""content"": [""데이터 - 6GB"", ""통화량 - 무제한"", ""문자 - 기본 제공"", """"]}"
"237","0 청년 다이렉트 69(T 우주)","SK","69,000 ","통신사","{""content"": [""데이터 - 무제한"", ""통화량 - 무제한"", ""문자 - 기본 제공"", [""커피/영화/로밍 50% 할인"", ""T 우주패스, FLO, Wavve 중 1개 무료"", ""T 멤버십 VIP 혜택"", ""스마트기기 2회선 이용요금 무료""]]}"
"238","0 청년 다이렉트 62","SK","62,000 ","통신사","{""content"": [""데이터 - 무제한"", ""통화량 - 무제한"", ""문자 - 기본 제공"", [""커피/영화/로밍 50% 할인"", ""T 우주패스, FLO, Wavve 중 2개 할인"", ""T 멤버십 VIP 혜택"", ""스마트기기 1회선 이용요금 무료""]]}"
"239","0 청년 다이렉트 55","SK","55,000 ","통신사","{""content"": [""데이터 - 300GB"", ""통화량 - 무제한"", ""문자 - 기본 제공"", [""커피/영화/로밍 50% 할인"", ""스마트기기 1회선 이용요금 최대 50% 할인""]]}"
"240","0 청년 다이렉트 48","SK","48,000 ","통신사","{""content"": [""데이터 - 160GB"", ""통화량 - 무제한"", ""문자 - 기본 제공"", [""커피/영화/로밍 50% 할인""]]}"
"241","0 청년 다이렉트 42","SK","42,000 ","통신사","{""content"": [""데이터 - 36GB"", ""통화량 - 무제한"", ""문자 - 기본 제공"", [""커피/영화/로밍 50% 할인""]]}"
"242","0 청년 다이렉트 34","SK","34,000 ","통신사","{""content"": [""데이터 - 15GB"", ""통화량 - 무제한"", ""문자 - 기본 제공"", [""커피/영화/로밍 50% 할인""]]}"
"243","0 청년 다이렉트 30","SK","30,000 ","통신사","{""content"": [""데이터 - 8GB"", ""통화량 - 무제한"", ""문자 - 기본 제공"", [""커피/영화/로밍 50% 할인""]]}"
"244","마이투넘버","SK","8,800 ","통신사","{""content"": [""데이터 - 250MB"", ""통화량 - 미제공"", ""문자 - 기본 제공"", """"]}"
"245","LTE Watch(공유)","SK","12,100 ","통신사","{""content"": [""데이터 - 250MB"", ""통화량 - 50분"", ""문자 - 기본 제공"", """"]}"
"246","LTE Watch(공유II)","SK","12,100 ","통신사","{""content"": [""데이터 - 250MB"", ""통화량 - 50분"", ""문자 - 기본 제공"", """"]}"
"247","LTE Watch(단독)","SK","12,100 ","통신사","{""content"": [""데이터 - 250MB"", ""통화량 - 50분"", ""문자 - 기본 제공"", """"]}"
"248","5G Tab 4GB(공유)","SK","26,000 ","통신사","{""content"": [""데이터 - 4GB"", ""통화량 - 미제공"", ""문자 - 미제공"", """"]}"
"249","5G Tab 4GB(단독)","SK","26,000 ","통신사","{""content"": [""데이터 - 4GB"", ""통화량 - 미제공"", ""문자 - 미제공"", """"]}"
"250","T Tab 9","SK","9,900 ","통신사","{""content"": [""데이터 - 500MB"", ""통화량 - 미제공"", ""문자 - 미제공"", """"]}"
"251","T Tab 18(공유)","SK","19,800 ","통신사","{""content"": [""데이터 - 1GB"", ""통화량 - 미제공"", ""문자 - 미제공"", [""기본 제공 데이터 추가 제공/Wavve 전용 데이터 중 1개 선택""]]}"
"252","T Tab 18","SK","19,800 ","통신사","{""content"": [""데이터 - 1GB"", ""통화량 - 미제공"", ""문자 - 미제공"", [""기본 제공 데이터 추가 제공/Wavve 전용 데이터/LTE 안심옵션 무료 중 1개 선택""]]}"
"253","5G함께쓰기_태블릿","SK","5,000 ","통신사","{""content"": [""데이터 - 함께쓰기"", ""통화량 - 미제공"", ""문자 - 미제공"", """"]}"
"254","5G함께쓰기_스마트폰","SK","5,000 ","통신사","{""content"": [""데이터 - 함께쓰기"", ""통화량 - 미제공"", ""문자 - 미제공"", """"]}"
"255","LTEData함께쓰기2.5G","SK","38,500 ","통신사","{""content"": [""데이터 - 2.5GB"", ""통화량 - 미제공"", ""문자 - 미제공"", """"]}"
"256","LTEData함께쓰기1G","SK","26,400 ","통신사","{""content"": [""데이터 - 1GB"", ""통화량 - 미제공"", ""문자 - 미제공"", """"]}"
"257","LTEData함께쓰기Basic","SK","9,900 ","통신사","{""content"": [""데이터 - 함께쓰기"", ""통화량 - 미제공"", ""문자 - 미제공"", """"]}"
"258","ZEM플랜 라이트","SK","15,400 ","통신사","{""content"": [""데이터 - 300MB"", ""통화량 - SKT 지정 회선 무제한"", ""문자 - 기본 제공"", """"]}"
"259","T플랜 맥스","SK","100,000 ","통신사","{""content"": [""데이터 - 무제한"", ""통화량 - 무제한"", ""문자 - 기본 제공"", [""T 우주패스 중 1개 할인"", ""FLO 앤 데이터 무료"", ""Wavve 앤 데이터 무료"", ""T 멤버십 VIP 혜택""]]}"
"260","T플랜 스페셜","SK","79,000 ","통신사","{""content"": [""데이터 - 150GB"", ""통화량 - 무제한"", ""문자 - 기본 제공"", [""T 우주패스 중 1개 할인"", ""FLO 앤 데이터 최대 70% 할인"", ""Wavve 앤 데이터 최대 70% 할인"", ""T 멤버십 VIP 혜택""]]}"
"261","T플랜 안심2.5G","SK","43,000 ","통신사","{""content"": [""데이터 - 2.5GB"", ""통화량 - 무제한"", ""문자 - 기본 제공"", [""매일 00시~07시 사용 데이터 75% 할인""]]}"
"262","T플랜 세이브","SK","33,000 ","통신사","{""content"": [""데이터 - 1.5GB"", ""통화량 - 무제한"", ""문자 - 기본 제공"", [""매일 00시~07시 사용 데이터 75% 할인""]]}"
"263","0플랜 스몰","SK","33,000 ","통신사","{""content"": [""데이터 - 2GB"", ""통화량 - 무제한"", ""문자 - 기본 제공"", [""주말, 심야, 매일 3시간 중 1개 데이터 무제한""]]}"
"264","0플랜 슈퍼히어로","SK","55,000 ","통신사","{""content"": [""데이터 - 100GB"", ""통화량 - 무제한"", ""문자 - 기본 제공"", [""T 멤버십 또는"", ""T 우주패스, FLO, Wavve 중 2개 선택""]]}"
"265","0플랜 히어로","SK","33,000 ","통신사","{""content"": [""데이터 - 6GB"", ""통화량 - 무제한"", ""문자 - 기본 제공"", [""평일 오후 6시~10시+주말/공휴일 데이터 무제한(5GB, 다 쓰면 최대 3Mbps 속도로 사용)""]]}"
"266","0틴플랜 스몰","SK","33,000 ","통신사","{""content"": [""데이터 - 2.5GB"", ""통화량 - 무제한"", ""문자 - 기본 제공"", [""매일 00시~07시 사용 데이터 75% 할인""]]}"
"267","ZEM플랜 베스트","SK","26,000 ","통신사","{""content"": [""데이터 - 3GB"", ""통화량 - 무제한"", ""문자 - 기본 제공"", """"]}"
"268","다이렉트LTE 22","SK","22,000 ","통신사","{""content"": [""데이터 - 1.8GB"", ""통화량 - 무제한"", ""문자 - 기본 제공"", [""매일 00시~07시 사용 데이터 75% 할인""]]}"
"269","T플랜 시니어 안심2.8G","SK","43,000 ","통신사","{""content"": [""데이터 - 2.8GB"", ""통화량 - 무제한"", ""문자 - 기본 제공"", [""매일 00시~07시 사용 데이터 75% 할인""]]}"
"270","T플랜 시니어 세이브","SK","33,000 ","통신사","{""content"": [""데이터 - 1.7GB"", ""통화량 - 무제한"", ""문자 - 기본 제공"", [""매일 00시~07시 사용 데이터 75% 할인""]]}"
"271","T 포켓파이 20","SK","24,750 ","통신사","{""content"": [""데이터 - 20GB"", ""통화량 - 미제공"", ""문자 - 미제공"", """"]}"
"272","T 포켓파이 10","SK","16,500 ","통신사","{""content"": [""데이터 - 10GB"", ""통화량 - 미제공"", ""문자 - 미제공"", """"]}"
"273","손누리 4.5G","SK","42,350 ","통신사","{""content"": [""데이터 - 4.5GB"", ""통화량 - 미제공"", ""문자 - 기본 제공"", """"]}"
"274","뉴태블릿45 요금제","SK","49,500 ","통신사","{""content"": [""데이터 - 4GB"", ""통화량 - 미제공"", ""문자 - 미제공"", """"]}"
"275","주말엔 팅 3.0G","SK","41,000 ","통신사","{""content"": [""데이터 - 3GB"", ""통화량 - 무제한"", ""문자 - 기본 제공"", [""주말 전용 데이터 1GB+최대 400Kbps 제공""]]}"
"276","손누리 3.0G","SK","34,650 ","통신사","{""content"": [""데이터 - 3GB"", ""통화량 - 미제공"", ""문자 - 기본 제공"", """"]}"
"277","뉴태블릿29 요금제","SK","31,900 ","통신사","{""content"": [""데이터 - 2GB"", ""통화량 - 미제공"", ""문자 - 미제공"", """"]}"
"278","손누리 1.5G","SK","29,700 ","통신사","{""content"": [""데이터 - 1.5GB"", ""통화량 - 미제공"", ""문자 - 기본 제공"", """"]}"
"279","주말엔 팅 세이브","SK","31,000 ","통신사","{""content"": [""데이터 - 800MB"", ""통화량 - 무제한"", ""문자 - 기본 제공"", [""주말 전용 데이터 1GB+최대 400Kbps 제공""]]}"
"280","ZEM플랜 스마트","SK","19,800 ","통신사","{""content"": [""데이터 - 1.5GB"", ""통화량 - SK텔레콤 지정 2회선 무제한"", ""문자 - 기본 제공"", """"]}"
"281","IoT 블랙박스 Basic","SK","1,900 ","통신사","{""content"": [""데이터 - 50MB"", ""통화량 - 미제공"", ""문자 - 미제공"", """"]}"
"282","표준요금제","SK","12,100 ","통신사","{""content"": [""데이터 - 미제공"", ""통화량 - 미제공"", ""문자 - 50건"", """"]}"
"283","뉴실버요금제","SK","9,900 ","통신사","{""content"": [""데이터 - 미제공"", ""통화량 - 30분"", ""문자 - 80건"", """"]}"
"284","손사랑요금제","SK","15,400 ","통신사","{""content"": [""데이터 - 미제공"", ""통화량 - 미제공"", ""문자 - 1050건"", """"]}"
"285","소리사랑","SK","15,400 ","통신사","{""content"": [""데이터 - 미제공"", ""통화량 - 2시간30분"", ""문자 - 50건"", """"]}"
"286","3G Data함께쓰기Basic","SK","9,900 ","통신사","{""content"": [""데이터 - 함께쓰기"", ""통화량 - 미제공"", ""문자 - 미제공"", """"]}"
"287","올인원 94","SK","103,400 ","통신사","{""content"": [""데이터 - 무제한"", ""통화량 - 16시간40분"", ""문자 - 1050건"", """"]}"
"288","올인원 79","SK","86,900 ","통신사","{""content"": [""데이터 - 무제한"", ""통화량 - 10시간0분"", ""문자 - 650건"", """"]}"
"289","올인원 64","SK","70,400 ","통신사","{""content"": [""데이터 - 무제한"", ""통화량 - 6시간40분"", ""문자 - 450건"", """"]}"
"290","올인원 54","SK","59,400 ","통신사","{""content"": [""데이터 - 무제한"", ""통화량 - 5시간0분"", ""문자 - 250건"", """"]}"
"291","올인원 44","SK","48,400 ","통신사","{""content"": [""데이터 - 1.2GB"", ""통화량 - 3시간20분"", ""문자 - 250건"", [""매일 01시~07시 사용 데이터 50% 할인""]]}"
"292","올인원 34","SK","37,400 ","통신사","{""content"": [""데이터 - 600MB"", ""통화량 - 2시간30분"", ""문자 - 200건"", [""매일 01시~07시 사용 데이터 50% 할인""]]}"
"293","무료음성 94","SK","103,400 ","통신사","{""content"": [""데이터 - 미제공"", ""통화량 - 25시간0분"", ""문자 - 50건"", """"]}"
"294","무료음성 79","SK","86,900 ","통신사","{""content"": [""데이터 - 미제공"", ""통화량 - 13시간20분"", ""문자 - 50건"", """"]}"
"295","무료음성 64","SK","70,400 ","통신사","{""content"": [""데이터 - 미제공"", ""통화량 - 10시간0분"", ""문자 - 50건"", """"]}"
"296","무료음성 44","SK","48,400 ","통신사","{""content"": [""데이터 - 미제공"", ""통화량 - 5시간50분"", ""문자 - 50건"", """"]}"
"297","무료음성 54","SK","59,400 ","통신사","{""content"": [""데이터 - 미제공"", ""통화량 - 7시간30분"", ""문자 - 50건"", """"]}"
"298","무료음성 34","SK","37,400 ","통신사","{""content"": [""데이터 - 미제공"", ""통화량 - 4시간10분"", ""문자 - 50건"", """"]}"
"299","무료음성 28","SK","30,800 ","통신사","{""content"": [""데이터 - 미제공"", ""통화량 - 2시간40분"", ""문자 - 50건"", """"]}"
"300","무료음성 19","SK","20,900 ","통신사","{""content"": [""데이터 - 미제공"", ""통화량 - 1시간15분"", ""문자 - 50건"", """"]}"
"301","T login 레귤러(4G)","SK","32,890 ","통신사","{""content"": [""데이터 - 4GB"", ""통화량 - 미제공"", ""문자 - 미제공"", """"]}"
"302","T login 라이트(1.5G)","SK","26,400 ","통신사","{""content"": [""데이터 - 1.5GB"", ""통화량 - 미제공"", ""문자 - 미제공"", """"]}"
"303","스트리밍 플러스 정기결제","멜론","11990","음악","{""title"":""무제한 듣기 + 오프라인 재생"",""features"":[{""device"":""PC"",""unlimited_listening"":true,""offline_playback"":false},{""device"":""모바일 앱"",""unlimited_listening"":true,""offline_playback"":true},{""device"":""아이패드 앱"",""unlimited_listening"":true,""offline_playback"":true},{""device"":""카카오톡"",""unlimited_listening"":true,""offline_playback"":false},{""device"":""AI 스피커"",""unlimited_listening"":true,""offline_playback"":false},{""device"":""카카오 미니"",""unlimited_listening"":true,""offline_playback"":false},{""device"":""카카오 내비"",""unlimited_listening"":true,""offline_playback"":false}]}"
"304","스트리밍 플러스 티켓 30일","멜론","12540","음악","{""title"":""무제한 듣기 + 오프라인 재생"",""features"":[{""device"":""PC"",""unlimited_listening"":true,""offline_playback"":false},{""device"":""모바일 앱"",""unlimited_listening"":true,""offline_playback"":true},{""device"":""아이패드 앱"",""unlimited_listening"":true,""offline_playback"":true},{""device"":""카카오톡"",""unlimited_listening"":true,""offline_playback"":false},{""device"":""AI 스피커"",""unlimited_listening"":true,""offline_playback"":false},{""device"":""카카오 미니"",""unlimited_listening"":true,""offline_playback"":false},{""device"":""카카오 내비"",""unlimited_listening"":true,""offline_playback"":false}]}"
"305","Hi-Fi스트리밍클럽 정기결제","멜론","13200","음악","{""title"":""Hi-Fi 스트리밍클럽 정기결제"",""features"":[{""device"":""PC"",""unlimited_listening"":true},{""device"":""모바일 앱"",""unlimited_listening"":true},{""device"":""아이패드 앱"",""unlimited_listening"":true},{""device"":""카카오톡"",""unlimited_listening"":true},{""device"":""AI 스피커"",""unlimited_listening"":true},{""device"":""카카오 미니"",""unlimited_listening"":true},{""device"":""카카오 내비"",""unlimited_listening"":true}]}"
"306","스트리밍클럽 정기결제","멜론","8690","음악","{""title"":""무제한 듣기"",""features"":[{""device"":""PC"",""unlimited_listening"":true},{""device"":""모바일 앱"",""unlimited_listening"":true},{""device"":""아이패드 앱"",""unlimited_listening"":true},{""device"":""카카오톡"",""unlimited_listening"":true},{""device"":""AI 스피커"",""unlimited_listening"":true},{""device"":""카카오 미니"",""unlimited_listening"":true},{""device"":""카카오 내비"",""unlimited_listening"":true}]}"
"307","스트리밍 티켓 30일","멜론","9790","음악","{""title"":""무제한 듣기"",""features"":[{""device"":""PC"",""unlimited_listening"":true},{""device"":""모바일 앱"",""unlimited_listening"":true},{""device"":""아이패드 앱"",""unlimited_listening"":true},{""device"":""카카오톡"",""unlimited_listening"":true},{""device"":""AI 스피커"",""unlimited_listening"":true},{""device"":""카카오 미니"",""unlimited_listening"":true},{""device"":""카카오 내비"",""unlimited_listening"":true}]}"
"308","모바일 스트리밍클럭 정기결제","멜론","7590","음악","{""title"":""모바일 무제한 듣기"",""features"":[{""device"":""PC"",""unlimited_listening"":false},{""device"":""모바일 앱"",""unlimited_listening"":true},{""device"":""아이패드 앱"",""unlimited_listening"":true},{""device"":""카카오톡"",""unlimited_listening"":true},{""device"":""AI 스피커"",""unlimited_listening"":false},{""device"":""카카오 미니"",""unlimited_listening"":false},{""device"":""카카오 내비"",""unlimited_listening"":true}]}"
"309","mp3 10플러스 정기결제","멜론","15950","음악","{""title"":""매월 10곡 다운 (평생소장) + 무제한 듣기"",""features"":[{""device"":""PC"",""unlimited_listening"":true,""MP3_download"":true},{""device"":""모바일 앱"",""unlimited_listening"":true,""MP3_download"":true},{""device"":""아이패드 앱"",""unlimited_listening"":true,""MP3_download"":true},{""device"":""카카오톡"",""unlimited_listening"":true,""MP3_download"":false},{""device"":""AI 스피커"",""unlimited_listening"":true,""MP3_download"":false},{""device"":""카카오 미니"",""unlimited_listening"":true,""MP3_download"":false},{""device"":""카카오 내비"",""unlimited_listening"":true,""MP3_download"":false}]}"
"310","mp3 10플러스 티켓 30일","멜론","17490","음악","{""title"":""매월 10곡 다운 (평생소장) + 무제한 듣기"",""features"":[{""device"":""PC"",""unlimited_listening"":true,""MP3_download"":true},{""device"":""모바일 앱"",""unlimited_listening"":true,""MP3_download"":true},{""device"":""아이패드 앱"",""unlimited_listening"":true,""MP3_download"":true},{""device"":""카카오톡"",""unlimited_listening"":true,""MP3_download"":false},{""device"":""AI 스피커"",""unlimited_listening"":true,""MP3_download"":false},{""device"":""카카오 미니"",""unlimited_listening"":true,""MP3_download"":false},{""device"":""카카오 내비"",""unlimited_listening"":true,""MP3_download"":false}]}"
"311","mp3 30 플러스 정기결제","멜론","28490","음악","{""title"":""매월 30곡 다운 (평생소장) + 무제한 듣기"",""features"":[{""device"":""PC"",""unlimited_listening"":true,""MP3_download"":true},{""device"":""모바일 앱"",""unlimited_listening"":true,""MP3_download"":true},{""device"":""아이패드 앱"",""unlimited_listening"":true,""MP3_download"":true},{""device"":""카카오톡"",""unlimited_listening"":true,""MP3_download"":false},{""device"":""AI 스피커"",""unlimited_listening"":true,""MP3_download"":false},{""device"":""카카오 미니"",""unlimited_listening"":true,""MP3_download"":false},{""device"":""카카오 내비"",""unlimited_listening"":true,""MP3_download"":false}]}"
"312","mp3 30플러스 티켓 30일","멜론","32890","음악","{""title"":""매월 30곡 다운 (평생소장) + 무제한 듣기"",""features"":[{""device"":""PC"",""unlimited_listening"":true,""MP3_download"":true},{""device"":""모바일 앱"",""unlimited_listening"":true,""MP3_download"":true},{""device"":""아이패드 앱"",""unlimited_listening"":true,""MP3_download"":true},{""device"":""카카오톡"",""unlimited_listening"":true,""MP3_download"":false},{""device"":""AI 스피커"",""unlimited_listening"":true,""MP3_download"":false},{""device"":""카카오 미니"",""unlimited_listening"":true,""MP3_download"":false},{""device"":""카카오 내비"",""unlimited_listening"":true,""MP3_download"":false}]}"
"313","mp3 10 정기결제","멜론","7260","음악","{""title"":""매월 10곡 다운 (평생소장)"",""features"":[{""device"":""PC"",""MP3_download"":true},{""device"":""모바일 앱"",""MP3_download"":true},{""device"":""아이패드 앱"",""MP3_download"":true},{""device"":""카카오톡"",""MP3_download"":false},{""device"":""AI 스피커"",""MP3_download"":false},{""device"":""카카오 미니"",""MP3_download"":false},{""device"":""카카오 내비"",""MP3_download"":false}]}"
"314","MP3 10 티켓 30일","멜론","7700","음악","{""title"":""매월 10곡 다운 (평생소장)"",""features"":[{""device"":""PC"",""MP3_download"":true},{""device"":""모바일 앱"",""MP3_download"":true},{""device"":""아이패드 앱"",""MP3_download"":true},{""device"":""카카오톡"",""MP3_download"":false},{""device"":""AI 스피커"",""MP3_download"":false},{""device"":""카카오 미니"",""MP3_download"":false},{""device"":""카카오 내비"",""MP3_download"":false}]}"
"315","MP3 30 정기결제","멜론","19800","음악","{""title"":""매월 30곡 다운 (평생소장)"",""features"":[{""device"":""PC"",""MP3_download"":true},{""device"":""모바일 앱"",""MP3_download"":true},{""device"":""아이패드 앱"",""MP3_download"":true},{""device"":""카카오톡"",""MP3_download"":false},{""device"":""AI 스피커"",""MP3_download"":false},{""device"":""카카오 미니"",""MP3_download"":false},{""device"":""카카오 내비"",""MP3_download"":false}]}"
"316","MP3 30 티켓 30일","멜론","23100","음악","{""title"":""매월 30곡 다운 (평생소장)"",""features"":[{""device"":""PC"",""MP3_download"":true},{""device"":""모바일 앱"",""MP3_download"":true},{""device"":""아이패드 앱"",""MP3_download"":true},{""device"":""카카오톡"",""MP3_download"":false},{""device"":""AI 스피커"",""MP3_download"":false},{""device"":""카카오 미니"",""MP3_download"":false},{""device"":""카카오 내비"",""MP3_download"":false}]}"
"317","스마트 음악감상 지니틴틴","지니뮤직","3960","음악","{""content"":[""만 14세 ~ 만 18세까지"",""매달 할인 혜택"",""모바일 전용""]}"
"318","스마트 음악감상 2회차 110원","지니뮤직","8140","음악","{""content"":[""다음달은 110원"",""모바일 전용""]}"
"319","스마트 음악감상 3개월 특가","지니뮤직","5500","음악","{""content"":[""모바일 전용""]}"
"320","스마트 음악감상 12개월내내","지니뮤직","6270","음악","{""content"":[""모바일 전용""]}"
"321","음악감상 2,3회차 50%할인","지니뮤직","9240","음악","{""content"":[""2회차, 3회차 결제 시 50% 할인"",""모든 기기 가능""]}"
"322","음악감상 3개월 특가","지니뮤직","6380","음악","{""content"":[""모든 기기 가능""]}"
"323","데이터 세이프 음악감상","지니뮤직","9900","음악","{""content"":[""언제 어디서나 데이터 소모 없이 무제한 음악감상!""]}"
"324","초고음질 무제한 음악감상","지니뮤직","15400","음악","{""content"":[""초고음질 음악감상 hot"",""5G 고음질 전용관 모바일 전용""]}"
"325","무제한 듣기 + 오프라인 재생","벅스","11990","음악","{""content"":[""오프라인에서도 데이터 걱정없이 재생"",""PC, 모바일, 스마트 가전 등 모든 기기 재생"",""데이터 걱정없이 오프라인 재생"",""essential 재생 모드 & 플리 지원"",""FLAC (무손실), AAC 320 음질 지원"",""이퀄라이저, 음량 자동 조절 지원"",""Favorite 투표 핑크하트 3배 제공""]}"
"326","Premium 무제한 듣기 + 오프라인 재생","벅스","17600","음악","{""content"":[""오프라인 재생과 Premium FLAC 음원 추가 지원"",""PC, 모바일, 스마트 가전 등 모든 기기 재생"",""데이터 걱정없이 오프라인 재생"",""essential 재생 모드 & 플리 지원"",""Premium 전용 FLAC 음원 추가 지원"",""FLAC (무손실), AAC 320 음질 지원"",""이퀄라이저, 음량 자동 조절 지원"",""Favorite 투표 핑크하트 3배 제공""]}"
"327","무제한 듣기","벅스","8690","음악","{""content"":[""모든 기기에서 마음 편히 재생"",""PC, 모바일, 스마트 가전 등 모든 기기 재생"",""essential 재생 모드 & 플리 지원"",""FLAC (무손실), AAC 320 음질 지원"",""이퀄라이저, 음량 자동 조절 지원"",""Favorite 투표 핑크하트 3배 제공""]}"
"328","모바일 무제한 듣기","벅스","7590","음악","{""content"":[""알뜰하게 모바일 기기에서만 재생"",""벅스 모바일 앱 지원 스마트폰/태블릿 재생"",""essential 재생 모드 & 플리 지원"",""FLAC (무손실), AAC 320 음질 지원"",""이퀄라이저, 음량 자동 조절 지원"",""Favorite 투표 핑크하트 3배 제공""]}"
"329","PAYCO taptap 삼성카드","벅스","8690","음악","{""content"":[""매월 50% PAYCO 포인트 상시 적립"",""무제한 듣기"",""PC, 모바일, 스마트 가전 등 모든 기기 재생"",""essential 재생 모드 & 플리 지원"",""FLAC (무손실), AAC 320 음질 지원"",""이퀄라이저, 음량 자동 조절 지원"",""Favorite 투표 핑크하트 3배 제공""]}"
"330","Premium 무제한 듣기","벅스","13200","음악","{""content"":[""모든 기기 재생과 Premium FLAC 음원 추가 지원"",""PC, 모바일, 스마트 가전 등 모든 기기 재생"",""essential 재생 모드 & 플리 지원"",""Premium 전용 FLAC 음원 추가 지원"",""FLAC (무손실), AAC 320 음질 지원"",""이퀄라이저, 음량 자동 조절 지원"",""Favorite 투표 핑크하트 3배 제공""]}"
"331","개인","Spotify","10900","음악","{""content"":[""Premium 계정 1개"",""다운로드하여 오프라인에서 감상 (베이직 제외)"",""무손실 오디오 품질"",""언제든 해지 가능"",""수백만 개의 곡 감상"",""광고 없이 음악 감상하기"",""순서에 상관없이 재생"",""친구와 함께 실시간으로 감상"",""재생목록 관리"",""K-Pop 리스닝 파티""]}"
"332","베이직","Spotify","7900","음악","{""content"":[""Premium 베이직 계정 1개"",""다운로드 기능을 사용할 수 없음"",""뛰어난 음질"",""언제든 해지 가능"",""수백만 개의 곡 감상"",""광고 없이 음악 감상하기"",""순서에 상관없이 재생"",""친구와 함께 실시간으로 감상"",""재생목록 관리"",""K-Pop 리스닝 파티""]}"
"333","학생","Spotify","6000","음악","{""content"":[""인증된 Premium 계정 1개"",""이용 자격이 있는 학생을 위한 할인"",""다운로드하여 오프라인에서 감상 (베이직 제외)"",""무손실 오디오 품질"",""언제든 해지 가능"",""수백만 개의 곡 감상"",""광고 없이 음악 감상하기"",""순서에 상관없이 재생"",""친구와 함께 실시간으로 감상"",""재생목록 관리"",""K-Pop 리스닝 파티""]}"
"334","듀오","Spotify","16350","음악","{""content"":[""Premium 별도 계정 2개"",""다운로드하여 오프라인에서 감상 (베이직 제외)"",""무손실 오디오 품질"",""언제든 해지 가능"",""수백만 개의 곡 감상"",""광고 없이 음악 감상하기"",""순서에 상관없이 재생"",""친구와 함께 실시간으로 감상"",""재생목록 관리"",""K-Pop 리스닝 파티""]}"
"335","모바일 무제한 듣기 정기결제","FLO","7590","음악","{""title"":""정기결제"",""features"":[{""device"":""모바일/태블릿"",""unlimited_listening"":true},{""device"":""PC"",""MP3_download"":false},{""device"":""AI 스피커"",""MP3_download"":false},{""device"":""T mapXNUGU"",""MP3_download"":true}]}"
"336","모바일 무제한 듣기 3개월","FLO","21480","음악","{""title"":""3개월 정기결제 7% 할인"",""features"":[{""device"":""모바일/태블릿"",""unlimited_listening"":true},{""device"":""PC"",""MP3_download"":false},{""device"":""AI 스피커"",""MP3_download"":false},{""device"":""T mapXNUGU"",""MP3_download"":true}]}"
"337","모바일 무제한 듣기 6개월 정기결제","FLO","41110","음악","{""title"":""6개월 정기결제 11% 할인"",""features"":[{""device"":""모바일/태블릿"",""unlimited_listening"":true},{""device"":""PC"",""MP3_download"":false},{""device"":""AI 스피커"",""MP3_download"":false},{""device"":""T mapXNUGU"",""MP3_download"":true}]}"
"338","모바일 무제한 듣기 12개월 정기결제","FLO","78540","음악","{""title"":""12개월 정기결제 15% 할인"",""features"":[{""device"":""모바일/태블릿"",""unlimited_listening"":true},{""device"":""PC"",""MP3_download"":false},{""device"":""AI 스피커"",""MP3_download"":false},{""device"":""T mapXNUGU"",""MP3_download"":true}]}"
"339","무제한 듣기 정기결제","FLO","8690","음악","{""title"":""정기결제 VAT 포함"",""features"":[{""device"":""모바일/태블릿"",""unlimited_listening"":true},{""device"":""PC"",""MP3_download"":true},{""device"":""AI 스피커"",""MP3_download"":true},{""device"":""T mapXNUGU"",""MP3_download"":true}]}"
"340","무제한 듣기 3개월","FLO","24550","음악","{""title"":""3개월 정기결제 7% 할인 VAT 포함"",""features"":[{""device"":""모바일/태블릿"",""unlimited_listening"":true},{""device"":""PC"",""MP3_download"":true},{""device"":""AI 스피커"",""MP3_download"":true},{""device"":""T mapXNUGU"",""MP3_download"":true}]}"
"341","무제한 듣기 6개월 정기결제","FLO","46990","음악","{""title"":""6개월 정기결제 11% 할인 VAT 포함"",""features"":[{""device"":""모바일/태블릿"",""unlimited_listening"":true},{""device"":""PC"",""MP3_download"":true},{""device"":""AI 스피커"",""MP3_download"":true},{""device"":""T mapXNUGU"",""MP3_download"":true}]}"
"342","무제한 듣기 12개월 정기결제","FLO","89760","음악","{""title"":""12개월 정기결제 15% 할인 VAT 포함"",""features"":[{""device"":""모바일/태블릿"",""unlimited_listening"":true},{""device"":""PC"",""MP3_download"":true},{""device"":""AI 스피커"",""MP3_download"":true},{""device"":""T mapXNUGU"",""MP3_download"":true}]}"
"343","배민클럽","배달의민족","3990","배달","{""content"":[""배달비 무제한 무료"",""브랜드 할인 쿠폰"",""B마트 / 장보기 / 쇼핑 쿠폰"",""제휴사 할인""]}"
"344","와우이츠 와우 맴버쉽","쿠팡이츠","7890","배달","{""content"":[""무제한 무료 배달"",""와우 회원 전용 할인 쿠폰 및 중복 할인"",""한집 배달 / 포장 혜택"",""로켓배송 / 로켓프레시 / 로켓직구 상품 무료 배송 및 30일 이내 무료 반품"",""쿠팡플레이 (OTT) 무제한 무료 시청 (4K 지원, 독점 콘텐츠)""]}"
"345","요기패스","요기요","2900","배달","{""content"":[""'요기패스X' 대상 가게에서 17,000원 이상 주문 시 배달비 무료 (무제한)"",""포장 주문 시 상시 5% 추가 할인""]}"
"346","네이버플러스 멤버십","네이버","4900","쇼핑","{""content"":[""쇼핑, 예약, 여행까지 최대 5% 적립"",""슈퍼적립 상품은 10% 적립, 배송 만원 이상 무료배송 및 무료반품"",""구독료 아껴주는 콘텐츠 무료 제공"",""매월 찾아오는 멤버십데이"",""웹툰 쿠키 10개 및 MYBOX 80GB 매월 무료"",""가족 및 지인 최대 3명까지 초대하여 적립 혜택 공유 가능"",""편의점, 영화관, 면세점, 배달, 택시, 카셰어링 할인 및 적립""]}"
"347","네이버플러스 멤버십 연간","네이버","46800","쇼핑","{""content"":[""쇼핑, 예약, 여행까지 최대 5% 적립"",""슈퍼적립 상품은 10% 적립, 배송 만원 이상 무료배송 및 무료반품"",""구독료 아껴주는 콘텐츠 무료 제공"",""매월 찾아오는 멤버십데이"",""웹툰 쿠키 10개 및 MYBOX 80GB 매월 무료"",""가족 및 지인 최대 3명까지 초대하여 적립 혜택 공유 가능"",""편의점, 영화관, 면세점, 배달, 택시, 카셰어링 할인 및 적립""]}"
"348","컬리멤버스","컬리","1900","쇼핑","{""content"":[""매월 적립금 2,000원 즉시 지급 (구독료 상쇄)"",""2만 원 이상 구매 시 무제한 무료 배송 쿠폰 31장"",""멤버스 전용 특가, 쿠폰팩 5종 (3천원/5천원 쿠폰 등)"",""런드리고, 커피빈 등 제휴 할인""]}"
"349","chatgpt Go","챗지피티","13000","자기계발 ","{""content"":[""플래그십 모델 GPT-5.3 한도 확장"",""더 높은 메시지 한도"",""더 높은 업로드 한도"",""더 높은 이미지 생성 한도"",""더욱 긴 메모리""]}"
"350","chatgpt Plus","챗지피티","29000","자기계발 ","{""content"":[""복잡한 문제 해결"",""여러 세션에서 긴 채팅"",""더욱 빠른 속도로 더 많은 이미지 생성"",""목표 및 지난 대화 기억"",""에이전트 모드로 여행이나 작업 계획 수립"",""프로젝트, 맞춤형 GPT 이용"",""Sora 영상 생성 및 공유"",""Codex로 코드 작성 및 앱 개발""]}"
"351","chatgpt Pro","챗지피티","299000","자기계발 ","{""content"":[""GPT-5.4를 이용한 전문가급 추론"",""GPT-5.4 및 파일 업로드 무제한"",""무제한 이미지 생성 및 더 빠른 처리 속도"",""심층 리서치 및 에이전트 모드 최대 한도"",""메모리 및 컨텍스트 최대 한도"",""프로젝트, 예약 작업, 맞춤형 GPT 기능 확장"",""Sora 영상 생성 한도 확장"",""우선순위 속도를 지원하는 Codex 에이전트 기능 확장"",""새 기능 리서치 프리뷰""]}"
"352","chatgpt Business","챗지피티","43900","자기계발 ","{""content"":[""무제한 GPT-5.2 메시지, 확장된 GPT-5.2 Thinking 액세스, GPT-5.2 Pro 액세스 제공, 필요한 만큼 유연하게 크레딧 추가 가능"",""Slack, Google Drive, SharePoint, GitHub, Atlassian 등 다양한 도구와 데이터를 ChatGPT로 연결하는 60여 개의 앱"",""핵심 관리자 제어 기능과 SAML SSO, MFA를 갖춘 안전한 전용 워크스페이스"",""GDPR, CCPA 및 기타 개인정보 보호법 준수 지원, CSA STAR 및 SOC 2 Type 2 기준 충족"",""앱, 데이터 분석, 녹음 모드, 캔버스, 공유 프로젝트, 맞춤형 워크스페이스 GPT 등의 비즈니스 기능 제공"",""저장 및 전송 구간 데이터 암호화, 비즈니스 데이터를 이용한 모델 학습 기본 비활성화"",""문서, 도구, 코드베이스 전반에서 추론과 실행을 지원하는 Codex 및 ChatGPT 에이전트 제공""]}"
"353","chatgpt Business 연간","챗지피티","36500","자기계발 ","{""content"":[""무제한 GPT-5.2 메시지, 확장된 GPT-5.2 Thinking 액세스, GPT-5.2 Pro 액세스 제공, 필요한 만큼 유연하게 크레딧 추가 가능"",""Slack, Google Drive, SharePoint, GitHub, Atlassian 등 다양한 도구와 데이터를 ChatGPT로 연결하는 60여 개의 앱"",""핵심 관리자 제어 기능과 SAML SSO, MFA를 갖춘 안전한 전용 워크스페이스"",""GDPR, CCPA 및 기타 개인정보 보호법 준수 지원, CSA STAR 및 SOC 2 Type 3 기준 충족"",""앱, 데이터 분석, 녹음 모드, 캔버스, 공유 프로젝트, 맞춤형 워크스페이스 GPT 등의 비즈니스 기능 제공"",""저장 및 전송 구간 데이터 암호화, 비즈니스 데이터를 이용한 모델 학습 기본 비활성화"",""문서, 도구, 코드베이스 전반에서 추론과 실행을 지원하는 Codex 및 ChatGPT 에이전트 제공""]}"
"354","Google AI Plus","제미나이","11000","자기계발 ","{""content"":[""Google의 가장 지능적인 모델인 3.1 Pro, Deep Research, Nano Banana Pro를 사용한 이미지 생성 기능에 대한 향상된 액세스를 확보하고, Veo 3.1 Fast에 대한 제한된 액세스로 동영상을 생성 가능"",""월간 200 AI 크레딧 - Flow 및 Whisk에서 동영상 생성에 사용할 수 있는 크레딧"",""Flow - 영화 같은 장면과 스토리를 생성할 수 있는 Google의 AI 영화 제작 도구에 추가 사용 한도 적용(Veo 3.1에 대한 제한적 액세스 포함)"",""Whisk - Veo 3 기반 이미지로 동영상 생성 기능에 더 높은 이용 한도 적용"",""NotebookLM - 조사 및 글쓰기 어시스턴트, 더 많이 이용 가능한 AI 오디오 오버뷰, 노트북 등"",""Gmail, Google Vids 등의 Gemini - Google 앱에서 직접 Gemini에 액세스"",""스토리지 - Photos, Drive, Gmail에 사용할 수 있는 총 200GB의 스토리지""]}"
"355","Google AI Pro","제미나이","29000","자기계발 ","{""content"":[""Google의 가장 지능적인 모델인 3.1 Pro, Deep Research, Nano Banana Pro를 사용한 이미지 생성에 대한 더 높은 수준의 액세스를 확보하고, Veo 3.1 Fast로 동영상 생성 기능을 사용 가능"",""월간 1,000 AI 크레딧 - Flow 및 Whisk에서 동영상 생성에 사용할 수 있는 크레딧"",""Flow - 영화 같은 장면과 스토리를 생성할 수 있는 Google의 AI 영화 제작 도구에 더 높은 사용 한도 적용(Veo 3.1에 대한 제한적 액세스 포함)"",""Whisk -Veo 3 기반 이미지로 동영상 생성 기능에 더 높은 이용 한도 적용"",""Gemini Code Assist 및 Gemini CLI - Gemini CLI 및 Gemini Code Assist IDE 확장 프로그램에서 더 높은 일일 요청 한도 제공"",""Google Antigravity - Google의 에이전트형 개발 플랫폼인 Google Antigravity의 에이전트 모델에 더 높은 이용 한도 적용"",""NotebookLM - 리서치 및 글쓰기 어시스턴트와 5배 더 많이 이용 가능한 AI 음성 개요, 노트북 등"",""Gmail, Docs, Google Vids 등의 Gemini - Google 앱에서 직접 Gemini에 액세스"",""스토리지 - Photos, Drive, Gmail에 사용할 수 있는 총 2TB의 스토리지""]}"
"356","Google AI Ultra","제미나이","360000","자기계발 ","{""content"":[""Veo 3.1을 사용한 동영상 생성 등 모델 및 기능에 최고 한도 적용, Deep Think 및 Gemini Agent(미국만 해당, 영어 전용)에 대한 액세스 포함"",""월간 25,000 AI 크레딧 - Flow 및 Whisk에서 동영상 생성에 사용할 수 있는 크레딧"",""Flow - 영화 같은 장면과 스토리를 생성할 수 있는 Google의 AI 영화 제작 도구에 가장 높은 사용 한도 적용(Veo 3.1에 대한 제한적 액세스 포함)"",""Whisk - 이미지로 동영상 생성 기능(Veo 3 기반)에 가장 높은 이용 한도 적용"",""Gemini Code Assist 및 Gemini CLI - Gemini CLI 및 Gemini Code Assist IDE 확장 프로그램에서 가장 높은 일일 요청 한도 제공"",""Google Antigravity - Google의 에이전트형 개발 플랫폼인 Google Antigravity의 에이전트 모델에 가장 높은 이용 한도 적용"",""NotebookLM - 가장 높은 한도 및 최고 수준의 모델 성능"",""Gmail, Docs, Google Vids 등의 Gemini - Google 앱에서 직접 활용할 수 있는 Gemini에 대한 가장 높은 한도"",""스토리지 - Photos, Drive, Gmail에 사용할 수 있는 총 30TB의 스토리지""]}"
"357","밀러의 서재","밀러의서재","11900","자기계발 ","{""content"":[""15만 권 전자책 무제한, 오디오북, 챗북 이용 가능""]}"
"358","밀러의 서재 연간","밀러의서재","119000","자기계발 ","{""content"":[""15만 권 전자책 무제한, 오디오북, 챗북 이용 가능""]}"
"359","월라 베이직 멤버십","윌라","12500","자기계발 ","{""content"":[""전자책과 오디오북 모두를 이용할수 있는 올인원 멤버쉽"",""전자책, 오디오북, 웹소설, 클래스(강연)"",""기기 등록 제한 없이 사용 가능"",""전문 성우의 낭독 및 독점 콘텐츠 제공""]}"
"360","월라 베이직 멤버십 연간","윌라","125000","자기계발 ","{""content"":[""전자책과 오디오북 모두를 이용할수 있는 올인원 멤버쉽"",""전자책, 오디오북, 웹소설, 클래스(강연)"",""기기 등록 제한 없이 사용 가능"",""전문 성우의 낭독 및 독점 콘텐츠 제공""]}"
"361","월라 패밀리 멤버십","윌라","16900","자기계발 ","{""content"":[""전자책과 오디오북 모두를 이용할수 있는 올인원 멤버쉽"",""전자책, 오디오북, 웹소설, 클래스(강연), 가족공유(1인)"",""기기 등록 제한 없이 사용 가능"",""전문 성우의 낭독 및 독점 콘텐츠 제공""]}"
"362","월라 패밀리 멤버십 연간","윌라","169000","자기계발 ","{""content"":[""전자책과 오디오북 모두를 이용할수 있는 올인원 멤버쉽"",""전자책, 오디오북, 웹소설, 클래스(강연), 가족공유(1인)"",""기기 등록 제한 없이 사용 가능"",""전문 성우의 낭독 및 독점 콘텐츠 제공""]}"
"363","윌라 전자책 멤버십","윌라","8900","자기계발 ","{""content"":[""전자책과 오디오북 모두를 이용할수 있는 올인원 멤버쉽"",""기기 등록 제한 없이 사용 가능"",""전문 성우의 낭독 및 독점 콘텐츠 제공""]}"
"364","윌라 베이직 멤버십 X KB나라사랑카드","윌라","8750","자기계발 ","{""content"":[""전자책과 오디오북 모두를 이용할수 있는 올인원 멤버쉽"",""전자책, 오디오북, 웹소설, 클래스(강연), 제휴 할인"",""기기 등록 제한 없이 사용 가능"",""전문 성우의 낭독 및 독점 콘텐츠 제공""]}"
"365","듀오링고 슈퍼","듀오링고","17000","자기계발 ","{""content"":[""학습 콘텐츠"",""무제한 하트"",""스킬 연습"",""틀린 문제 복습"",""무료 도전"",""광고 제거""]}"
"366","듀오링고 슈퍼 연간","듀오링고","112000","자기계발 ","{""content"":[""학습 콘텐츠"",""무제한 하트"",""스킬 연습"",""틀린 문제 복습"",""무료 도전"",""광고 제거""]}"
"367","듀오링고 패밀리 연간","듀오링고","159000","자기계발 ","{""content"":[""학습 콘텐츠"",""최대 5명과 함께 이용"",""무제한 하트"",""스킬 연습"",""틀린 문제 복습"",""무료 도전"",""광고 제거""]}"
"368","듀오링고 맥스","듀오링고","30000","자기계발 ","{""content"":[""모바일만 가능"",""학습 콘텐츠"",""무제한 하트"",""스킬 연습"",""틀린 문제 복습"",""무료 도전"",""광고 제거"",""AI 챗봇 롤플레이"",""답변 상세 설명"",""릴리와 영상 통화"",""AI 튜터""]}"
"369","듀오링고 맥스 연간","듀오링고","174000","자기계발 ","{""content"":[""모바일만 가능"",""학습 콘텐츠"",""무제한 하트"",""스킬 연습"",""틀린 문제 복습"",""무료 도전"",""광고 제거"",""AI 챗봇 롤플레이"",""답변 상세 설명"",""릴리와 영상 통화"",""AI 튜터""]}"
"370","듀오링고 맥스 패밀리 연간","듀오링고","255000","자기계발 ","{""content"":[""모바일만 가능"",""최대 5명과 함께 이용"",""학습 콘텐츠"",""무제한 하트"",""스킬 연습"",""틀린 문제 복습"",""무료 도전"",""광고 제거"",""AI 챗봇 롤플레이"",""답변 상세 설명"",""릴리와 영상 통화"",""AI 튜터""]}"